"Includes Amazon Marketplace, Fulfillment by Amazon (FBA), and Amazon Webstore transactions",,,,,,,,,,,,,,,,,,,,,,,,,,,,
"All amounts in CAD, unless specified",,,,,,,,,,,,,,,,,,,,,,,,,,,,
Definitions:,,,,,,,,,,,,,,,,,,,,,,,,,,,,
"Sales tax collected: Includes sales tax collected from buyers for product sales, shipping, and gift wrap.",,,,,,,,,,,,,,,,,,,,,,,,,,,,
Selling fees: Includes variable closing fees and referral fees.,,,,,,,,,,,,,,,,,,,,,,,,,,,,
Other transaction fees: Includes shipping chargebacks and shipping holdbacks.,,,,,,,,,,,,,,,,,,,,,,,,,,,,
"Other: Includes non-order transaction amounts. For more details, see the ""Type"" and ""Description"" columns for each order ID.",,,,,,,,,,,,,,,,,,,,,,,,,,,,
date/time,settlement id,type,order id,sku,description,quantity,marketplace,fulfillment,order city,order state,order postal,tax collection model,product sales,product sales tax,shipping credits,shipping credits tax,gift wrap credits,giftwrap credits tax,Regulatory fee,Tax on regulatory fee,promotional rebates,promotional rebates tax,marketplace withheld tax,selling fees,fba fees,other transaction fees,other,total
"Apr 1, 2023 12:04:21 a.m. PDT",17462752381,Service Fee,,,Subscription,,Amazon.ca,,,,,,0,0,0,0,0,0,0,0,0,0,0,0,0,0,-29.99,-29.99
"Apr 1, 2023 12:28:07 a.m. PDT",17462752381,Order,702-1829328-2685050,ZV-PQDC-48RV,"2 Packs Mole Solar Repeller - Mole Sonic Repeller for Garden - Solar Mole Repeller - Deterrent for Moles, Gophers, Voles",1,amazon.ca,Amazon,Langley,BC,V3A 2S7,Combined TCS+MTC,45.45,5.45,0,0,0,0,0,0,0,0,-5.45,-6.82,-6.33,0,0,32.3
"Apr 1, 2023 2:51:32 p.m. PDT",17462752381,Order,701-0161934-7927474,ZV-PQDC-48RV,"2 Packs Mole Solar Repeller - Mole Sonic Repeller for Garden - Solar Mole Repeller - Deterrent for Moles, Gophers, Voles",1,amazon.ca,Amazon,Waterloo,Ontario,N2L 5M1,Combined TCS+MTC,45.45,5.91,2.61,0,0,0,0,0,-2.61,0,-5.91,-6.82,-5.92,0,0,32.71
"Apr 2, 2023 12:16:02 a.m. PDT",17462752381,Order,701-7988961-0618653,ZV-PQDC-48RV,"2 Packs Mole Solar Repeller - Mole Sonic Repeller for Garden - Solar Mole Repeller - Deterrent for Moles, Gophers, Voles",1,amazon.ca,Amazon,Agassiz,British Columbia,V0M 1A1,Combined TCS+MTC,45.45,5.45,0,0,0,0,0,0,0,0,-5.45,-6.82,-6.33,0,0,32.3
"Apr 2, 2023 12:16:37 a.m. PDT",17462752381,Order,702-7424965-9567434,ZV-PQDC-48RV,"2 Packs Mole Solar Repeller - Mole Sonic Repeller for Garden - Solar Mole Repeller - Deterrent for Moles, Gophers, Voles",1,amazon.ca,Amazon,Abbotsford,British Columbia,V2S 6G9,Combined TCS+MTC,45.45,5.45,0,0,0,0,0,0,0,0,-5.45,-6.82,-6.33,0,0,32.3
"Apr 2, 2023 12:21:06 a.m. PDT",17462752381,Order,702-5271971-4239430,ZV-PQDC-48RV,"2 Packs Mole Solar Repeller - Mole Sonic Repeller for Garden - Solar Mole Repeller - Deterrent for Moles, Gophers, Voles",2,amazon.ca,Amazon,Surrey,BC,V3Z 9R1,Combined TCS+MTC,90.9,10.9,0,0,0,0,0,0,0,0,-10.9,-13.64,-12.67,0,0,64.59
"Apr 2, 2023 2:54:51 a.m. PDT",17462752381,Order,702-3822791-3337820,ZV-PQDC-48RV,"2 Packs Mole Solar Repeller - Mole Sonic Repeller for Garden - Solar Mole Repeller - Deterrent for Moles, Gophers, Voles",1,amazon.ca,Amazon,Port Coquitlam,British Columbia,V3B7W6,Combined TCS+MTC,45.45,5.45,0,0,0,0,0,0,0,0,-5.45,-6.82,-6.33,0,0,32.3
"Apr 2, 2023 3:43:33 a.m. PDT",17462752381,Order,702-0959882-0129004,ZV-PQDC-48RV,"2 Packs Mole Solar Repeller - Mole Sonic Repeller for Garden - Solar Mole Repeller - Deterrent for Moles, Gophers, Voles",1,amazon.ca,Amazon,Lethbridge,Alberta,T1J 4B2,Combined TCS+MTC,45.45,2.27,0,0,0,0,0,0,0,0,-2.27,-6.82,-6.33,0,0,32.3
"Apr 2, 2023 6:04:28 a.m. PDT",17462752381,Service Fee,,,Cost of Advertising,,,,,,,,0,0,0,0,0,0,0,0,0,0,0,0,0,-149.29,0,-149.29
"Apr 2, 2023 9:04:32 p.m. PDT",17462752381,Order,702-3112282-5625006,ZV-PQDC-48RV,"2 Packs Mole Solar Repeller - Mole Sonic Repeller for Garden - Solar Mole Repeller - Deterrent for Moles, Gophers, Voles",1,amazon.ca,Amazon,Courtice,Ontario,L1E 1Y7,Combined TCS+MTC,45.45,5.91,0,0,0,0,0,0,0,0,-5.91,-6.82,-5.92,0,0,32.71
"Apr 3, 2023 12:30:56 a.m. PDT",17462752381,Order,702-5329701-6353014,ZV-PQDC-48RV,"2 Packs Mole Solar Repeller - Mole Sonic Repeller for Garden - Solar Mole Repeller - Deterrent for Moles, Gophers, Voles",1,amazon.ca,Amazon,Delta,British Columbia,V4C 1W6,Combined TCS+MTC,45.45,5.45,5.9,0,0,0,0,0,-5.9,0,-5.45,-6.82,-6.33,0,0,32.3
"Apr 3, 2023 8:48:03 a.m. PDT",17462752381,Order,701-8923980-8373061,ZV-PQDC-48RV,"2 Packs Mole Solar Repeller - Mole Sonic Repeller for Garden - Solar Mole Repeller - Deterrent for Moles, Gophers, Voles",1,amazon.ca,Amazon,Calgary,Alberta,T3G 3S5,Combined TCS+MTC,45.45,2.27,0,0,0,0,0,0,0,0,-2.27,-6.82,-5.92,0,0,32.71
"Apr 3, 2023 2:15:05 p.m. PDT",17462752381,Order,702-0674307-5455440,ZV-PQDC-48RV,"2 Packs Mole Solar Repeller - Mole Sonic Repeller for Garden - Solar Mole Repeller - Deterrent for Moles, Gophers, Voles",1,amazon.ca,Amazon,Fort Erie,Ontario,L2A 4K7,Combined TCS+MTC,45.45,5.91,0,0,0,0,0,0,0,0,-5.91,-6.82,-5.92,0,0,32.71
"Apr 3, 2023 2:21:34 p.m. PDT",17462752381,Order,701-7579408-1756255,ZV-PQDC-48RV,"2 Packs Mole Solar Repeller - Mole Sonic Repeller for Garden - Solar Mole Repeller - Deterrent for Moles, Gophers, Voles",1,amazon.ca,Amazon,Mission,British Columbia,V2V 5H8,Combined TCS+MTC,45.45,5.45,6.99,0,0,0,0,0,-6.99,0,-5.45,-6.82,-6.33,0,0,32.3
"Apr 4, 2023 2:03:41 a.m. PDT",17715350531,Order,702-4456249-7012213,ZV-PQDC-48RV,"2 Packs Mole Solar Repeller - Mole Sonic Repeller for Garden - Solar Mole Repeller - Deterrent for Moles, Gophers, Voles",1,amazon.ca,Amazon,Mission,British Columbia,V4S 0E1,Combined TCS+MTC,45.45,5.45,0,0,0,0,0,0,0,0,-5.45,-6.82,-6.33,0,0,32.3
"Apr 5, 2023 12:18:11 a.m. PDT",17715350531,Order,701-1695396-3621055,ZV-PQDC-48RV,"2 Packs Mole Solar Repeller - Mole Sonic Repeller for Garden - Solar Mole Repeller - Deterrent for Moles, Gophers, Voles",1,amazon.ca,Amazon,Langley,British Columbia,V3A1T6,Combined TCS+MTC,45.45,5.45,5.9,0,0,0,0,0,-5.9,0,-5.45,-6.82,-6.33,0,0,32.3
"Apr 5, 2023 12:18:41 a.m. PDT",17715350531,Order,701-7034543-6258621,ZV-PQDC-48RV,"2 Packs Mole Solar Repeller - Mole Sonic Repeller for Garden - Solar Mole Repeller - Deterrent for Moles, Gophers, Voles",2,amazon.ca,Amazon,Surrey,British Columbia,V3S 4L6,Combined TCS+MTC,90.9,10.9,0,0,0,0,0,0,0,0,-10.9,-13.64,-12.67,0,0,64.59
"Apr 5, 2023 7:16:46 p.m. PDT",17715350531,Transfer,,,To account ending with: 097,,,,,,,,0,0,0,0,0,0,0,0,0,0,0,0,0,0,-16.68,-16.68
"Apr 6, 2023 5:26:17 a.m. PDT",17715350531,Refund,701-7988961-0618653,ZV-PQDC-48RV,"2 Packs Mole Solar Repeller - Mole Sonic Repeller for Garden - Solar Mole Repeller - Deterrent for Moles, Gophers, Voles",1,amazon.ca,Amazon,Agassiz,British Columbia,V0M 1A1,Combined TCS+MTC,-45.45,-5.45,0,0,0,0,0,0,0,0,5.45,5.46,0,0,0,-39.99
"Apr 6, 2023 8:00:57 a.m. PDT",17715350531,Order,701-5021874-0429052,ZV-PQDC-48RV,"2 Packs Mole Solar Repeller - Mole Sonic Repeller for Garden - Solar Mole Repeller - Deterrent for Moles, Gophers, Voles",1,amazon.ca,Amazon,Southampton,ONTARIO,N0H 2L0,Combined TCS+MTC,45.45,5.91,0,0,0,0,0,0,0,0,-5.91,-6.82,-5.92,0,0,32.71
"Apr 6, 2023 8:32:18 a.m. PDT",17715350531,Order,701-7210470-3681044,ZV-PQDC-48RV,"2 Packs Mole Solar Repeller - Mole Sonic Repeller for Garden - Solar Mole Repeller - Deterrent for Moles, Gophers, Voles",1,amazon.ca,Amazon,Welland,Ontario,L3B 0H3,Combined TCS+MTC,45.45,5.91,0,0,0,0,0,0,0,0,-5.91,-6.82,-5.92,0,0,32.71
"Apr 6, 2023 9:59:48 a.m. PDT",17715350531,Order,702-1744024-6977046,ZV-PQDC-48RV,"2 Packs Mole Solar Repeller - Mole Sonic Repeller for Garden - Solar Mole Repeller - Deterrent for Moles, Gophers, Voles",1,amazon.ca,Amazon,Calgary,Alberta,T3G 3X9,Combined TCS+MTC,45.45,2.27,3.93,0,0,0,0,0,-3.93,0,-2.27,-6.82,-6.33,0,0,32.3
"Apr 6, 2023 3:05:39 p.m. PDT",17715350531,Order,701-7778168-6662604,ZV-PQDC-48RV,"2 Packs Mole Solar Repeller - Mole Sonic Repeller for Garden - Solar Mole Repeller - Deterrent for Moles, Gophers, Voles",2,amazon.ca,Amazon,Hillsdale,Ontario,L0L 1V0,Combined TCS+MTC,90.9,11.82,0,0,0,0,0,0,0,0,-11.82,-13.64,-11.84,0,0,65.42
"Apr 6, 2023 6:19:42 p.m. PDT",17715350531,Order,702-2117783-0789013,ZV-PQDC-48RV,"2 Packs Mole Solar Repeller - Mole Sonic Repeller for Garden - Solar Mole Repeller - Deterrent for Moles, Gophers, Voles",2,amazon.ca,Amazon,Coldstream,British Columbia,V1B2Y1,Combined TCS+MTC,90.9,10.9,6.53,0,0,0,0,0,-6.53,0,-10.9,-13.64,-12.67,0,0,64.59
"Apr 7, 2023 12:15:07 a.m. PDT",17715350531,Order,701-7345026-7468224,ZV-PQDC-48RV,"2 Packs Mole Solar Repeller - Mole Sonic Repeller for Garden - Solar Mole Repeller - Deterrent for Moles, Gophers, Voles",1,amazon.ca,Amazon,Surrey,BC,V4A 9W4,Combined TCS+MTC,45.45,5.45,0,0,0,0,0,0,0,0,-5.45,-6.82,-6.33,0,0,32.3
"Apr 7, 2023 12:16:30 a.m. PDT",17715350531,Order,701-4806451-5145030,ZV-PQDC-48RV,"2 Packs Mole Solar Repeller - Mole Sonic Repeller for Garden - Solar Mole Repeller - Deterrent for Moles, Gophers, Voles",1,amazon.ca,Amazon,ALDERGROVE,BC,V4W3K3,Combined TCS+MTC,45.45,5.45,0,0,0,0,0,0,0,0,-5.45,-6.82,-6.33,0,0,32.3
"Apr 7, 2023 12:18:33 a.m. PDT",17715350531,Order,702-9427374-9333845,ZV-PQDC-48RV,"2 Packs Mole Solar Repeller - Mole Sonic Repeller for Garden - Solar Mole Repeller - Deterrent for Moles, Gophers, Voles",1,amazon.ca,Amazon,Saint-Isidore-De-Laprairie,Quebec,J0L 2A0,Combined TCS+MTC,45.45,6.81,0,0,0,0,0,0,0,0,-6.81,-6.82,-5.92,0,0,32.71
"Apr 7, 2023 3:43:27 a.m. PDT",17715350531,Order,702-5717777-1536264,ZV-PQDC-48RV,"2 Packs Mole Solar Repeller - Mole Sonic Repeller for Garden - Solar Mole Repeller - Deterrent for Moles, Gophers, Voles",1,amazon.ca,Amazon,Whites Lake,Nova Scotia,B3T 1Z2,Combined TCS+MTC,45.45,6.82,0,0,0,0,0,0,0,0,-6.82,-6.82,-5.92,0,0,32.71
"Apr 7, 2023 9:34:10 a.m. PDT",17715350531,Order,701-5224821-8051460,ZV-PQDC-48RV,"2 Packs Mole Solar Repeller - Mole Sonic Repeller for Garden - Solar Mole Repeller - Deterrent for Moles, Gophers, Voles",1,amazon.ca,Amazon,Calgary,Alberta,T3H 0G8,Combined TCS+MTC,45.45,2.27,0,0,0,0,0,0,0,0,-2.27,-6.82,-6.33,0,0,32.3
"Apr 7, 2023 11:10:21 a.m. PDT",17715350531,FBA Inventory Fee,,,FBA Inventory Storage Fee,,Amazon.ca,,,,,,0,0,0,0,0,0,0,0,0,0,0,0,0,0,-8.74,-8.74
"Apr 7, 2023 11:14:32 a.m. PDT",17715350531,Order,702-5420067-4194650,ZV-PQDC-48RV,"2 Packs Mole Solar Repeller - Mole Sonic Repeller for Garden - Solar Mole Repeller - Deterrent for Moles, Gophers, Voles",1,amazon.ca,Amazon,Edmonton,Alberta,T6W 4C8,Combined TCS+MTC,45.45,2.27,0,0,0,0,0,0,0,0,-2.27,-6.82,-6.33,0,0,32.3
"Apr 7, 2023 1:21:28 p.m. PDT",17715350531,Order,701-5745645-2421069,ZV-PQDC-48RV,"2 Packs Mole Solar Repeller - Mole Sonic Repeller for Garden - Solar Mole Repeller - Deterrent for Moles, Gophers, Voles",1,amazon.ca,Amazon,St Thomas,Ontario,N5R 6J6,Combined TCS+MTC,45.45,5.91,0,0,0,0,0,0,0,0,-5.91,-6.82,-5.92,0,0,32.71
"Apr 7, 2023 8:16:36 p.m. PDT",17715350531,Order,702-7873593-7064234,ZV-PQDC-48RV,"2 Packs Mole Solar Repeller - Mole Sonic Repeller for Garden - Solar Mole Repeller - Deterrent for Moles, Gophers, Voles",1,amazon.ca,Amazon,Kamloops,British Columbia,V2E 2T1,Combined TCS+MTC,45.45,5.45,0,0,0,0,0,0,0,0,-5.45,-6.82,-5.92,0,0,32.71
"Apr 7, 2023 11:48:53 p.m. PDT",17715350531,Order,701-0265651-3931460,ZV-PQDC-48RV,"2 Packs Mole Solar Repeller - Mole Sonic Repeller for Garden - Solar Mole Repeller - Deterrent for Moles, Gophers, Voles",2,amazon.ca,Amazon,Sherbrooke,Quebec,J1M 1K9,Combined TCS+MTC,90.9,13.62,0,0,0,0,0,0,0,0,-13.62,-13.64,-11.84,0,0,65.42
"Apr 8, 2023 5:36:46 a.m. PDT",17797747721,Order,701-8656106-3593851,ZV-PQDC-48RV,"2 Packs Mole Solar Repeller - Mole Sonic Repeller for Garden - Solar Mole Repeller - Deterrent for Moles, Gophers, Voles",2,amazon.ca,Amazon,Fort Saskatchewan,Alberta,T8L 0E3,Combined TCS+MTC,90.9,4.54,0,0,0,0,0,0,0,0,-4.54,-13.64,-11.84,0,0,65.42
"Apr 8, 2023 8:29:50 a.m. PDT",17797747721,Order,701-2478222-5557014,ZV-PQDC-48RV,"2 Packs Mole Solar Repeller - Mole Sonic Repeller for Garden - Solar Mole Repeller - Deterrent for Moles, Gophers, Voles",1,amazon.ca,Amazon,Calgary,Alberta,T2N 4E6,Combined TCS+MTC,45.45,2.27,0,0,0,0,0,0,0,0,-2.27,-6.82,-5.92,0,0,32.71
"Apr 8, 2023 9:15:05 a.m. PDT",17797747721,Order,701-8471305-9044232,ZV-PQDC-48RV,"2 Packs Mole Solar Repeller - Mole Sonic Repeller for Garden - Solar Mole Repeller - Deterrent for Moles, Gophers, Voles",1,amazon.ca,Amazon,LANGLEY,British Columbia,V2Z1A6,Combined TCS+MTC,45.45,5.45,0,0,0,0,0,0,0,0,-5.45,-6.82,-5.92,0,0,32.71
"Apr 8, 2023 10:49:17 a.m. PDT",17797747721,FBA Inventory Fee,xn478LA363,,FBA Removal Order: Disposal Fee,,Amazon.ca,,,,,,0,0,0,0,0,0,0,0,0,0,0,0,0,0,-0.7,-0.7
"Apr 8, 2023 6:18:06 p.m. PDT",17797747721,Order,701-9731852-1917848,ZV-PQDC-48RV,"2 Packs Mole Solar Repeller - Mole Sonic Repeller for Garden - Solar Mole Repeller - Deterrent for Moles, Gophers, Voles",1,amazon.ca,Amazon,Blue Mountains,Ontario,L9Y 0Z3,Combined TCS+MTC,45.45,5.91,0,0,0,0,0,0,0,0,-5.91,-6.82,-5.92,0,0,32.71
"Apr 8, 2023 10:27:37 p.m. PDT",17797747721,Order,701-0563179-9954663,ZV-PQDC-48RV,"2 Packs Mole Solar Repeller - Mole Sonic Repeller for Garden - Solar Mole Repeller - Deterrent for Moles, Gophers, Voles",1,amazon.ca,Amazon,Barrie,Ontario,L4N 8E4,Combined TCS+MTC,45.45,5.91,0,0,0,0,0,0,0,0,-11.82,-13.64,-5.92,0,0,19.98
"Apr 8, 2023 10:27:37 p.m. PDT",17797747721,Order,701-0563179-9954663,ZV-PQDC-48RV,"2 Packs Mole Solar Repeller - Mole Sonic Repeller for Garden - Solar Mole Repeller - Deterrent for Moles, Gophers, Voles",1,amazon.ca,Amazon,Barrie,Ontario,L4N 8E4,,45.45,5.91,0,0,0,0,0,0,0,0,0,0,-5.92,0,0,45.44
"Apr 9, 2023 3:17:43 a.m. PDT",17797747721,Order,701-7774980-2264243,ZV-PQDC-48RV,"2 Packs Mole Solar Repeller - Mole Sonic Repeller for Garden - Solar Mole Repeller - Deterrent for Moles, Gophers, Voles",1,amazon.ca,Amazon,Calgary,Alberta,T3A 5V4,Combined TCS+MTC,45.45,2.27,0,0,0,0,0,0,0,0,-2.27,-6.82,-5.92,0,0,32.71
"Apr 9, 2023 4:17:28 a.m. PDT",17797747721,Order,701-8293486-9532216,ZV-PQDC-48RV,"2 Packs Mole Solar Repeller - Mole Sonic Repeller for Garden - Solar Mole Repeller - Deterrent for Moles, Gophers, Voles",1,amazon.ca,Amazon,Aldergrove,British Columbia,V4W 3W2,Combined TCS+MTC,45.45,5.45,0,0,0,0,0,0,0,0,-5.45,-6.82,-5.92,0,0,32.71
"Apr 9, 2023 4:17:54 a.m. PDT",17797747721,Order,702-1700419-0038645,ZV-PQDC-48RV,"2 Packs Mole Solar Repeller - Mole Sonic Repeller for Garden - Solar Mole Repeller - Deterrent for Moles, Gophers, Voles",1,amazon.ca,Amazon,Calgary,Alberta,T3H 0X2,Combined TCS+MTC,45.45,2.27,0,0,0,0,0,0,0,0,-2.27,-6.82,-5.92,0,0,32.71
"Apr 9, 2023 4:18:49 a.m. PDT",17797747721,Order,702-6428647-7125019,ZV-PQDC-48RV,"2 Packs Mole Solar Repeller - Mole Sonic Repeller for Garden - Solar Mole Repeller - Deterrent for Moles, Gophers, Voles",1,amazon.ca,Amazon,Calgary,AB,T3G 1Y9,Combined TCS+MTC,45.45,2.27,0,0,0,0,0,0,0,0,-2.27,-6.82,-5.92,0,0,32.71
"Apr 9, 2023 6:20:15 a.m. PDT",17797747721,Order,702-4218804-6497021,ZV-PQDC-48RV,"2 Packs Mole Solar Repeller - Mole Sonic Repeller for Garden - Solar Mole Repeller - Deterrent for Moles, Gophers, Voles",2,amazon.ca,Amazon,Cranbrook,British Columbia,V1C 7B7,Combined TCS+MTC,90.9,10.9,0,0,0,0,0,0,0,0,-10.9,-13.64,-11.84,0,0,65.42
"Apr 9, 2023 8:10:10 a.m. PDT",17797747721,Order,702-1765444-9673860,ZV-PQDC-48RV,"2 Packs Mole Solar Repeller - Mole Sonic Repeller for Garden - Solar Mole Repeller - Deterrent for Moles, Gophers, Voles",2,amazon.ca,Amazon,Edmonton,AB,T5S 0L9,Combined TCS+MTC,90.9,4.54,0,0,0,0,0,0,0,0,-4.54,-13.64,-11.84,0,0,65.42
"Apr 9, 2023 9:48:34 a.m. PDT",17797747721,Order,702-1849043-2117061,ZV-PQDC-48RV,"2 Packs Mole Solar Repeller - Mole Sonic Repeller for Garden - Solar Mole Repeller - Deterrent for Moles, Gophers, Voles",1,amazon.ca,Amazon,port coquitlam,British Columbia,V3B 7Y9,Combined TCS+MTC,45.45,5.45,5.9,0,0,0,0,0,-5.9,0,-5.45,-6.82,-5.92,0,0,32.71
"Apr 9, 2023 1:47:51 p.m. PDT",17797747721,Order,702-6281492-8069820,ZV-PQDC-48RV,"2 Packs Mole Solar Repeller - Mole Sonic Repeller for Garden - Solar Mole Repeller - Deterrent for Moles, Gophers, Voles",1,amazon.ca,Amazon,Bailieboro,Ontario,K0L 1B0,Combined TCS+MTC,45.45,5.91,0,0,0,0,0,0,0,0,-5.91,-6.82,-5.92,0,0,32.71
"Apr 9, 2023 7:31:14 p.m. PDT",17797747721,Order,701-4512325-0441859,ZV-PQDC-48RV,"2 Packs Mole Solar Repeller - Mole Sonic Repeller for Garden - Solar Mole Repeller - Deterrent for Moles, Gophers, Voles",1,amazon.ca,Amazon,Saint-Constant,Quebec,J5A 2M5,Combined TCS+MTC,45.45,6.81,0,0,0,0,0,0,0,0,-6.81,-6.82,-5.92,0,0,32.71
"Apr 9, 2023 7:43:36 p.m. PDT",17797747721,Order,701-4353987-4790659,ZV-PQDC-48RV,"2 Packs Mole Solar Repeller - Mole Sonic Repeller for Garden - Solar Mole Repeller - Deterrent for Moles, Gophers, Voles",1,amazon.ca,Amazon,Bowmanville,Ontario,L1C 4H2,Combined TCS+MTC,45.45,5.91,0,0,0,0,0,0,0,0,-5.91,-6.82,-5.92,0,0,32.71
"Apr 9, 2023 10:50:41 p.m. PDT",17797747721,Order,701-5466469-4409033,ZV-PQDC-48RV,"2 Packs Mole Solar Repeller - Mole Sonic Repeller for Garden - Solar Mole Repeller - Deterrent for Moles, Gophers, Voles",1,amazon.ca,Amazon,Mount Brydges,on,N0L 1W0,Combined TCS+MTC,45.45,5.91,0,0,0,0,0,0,0,0,-5.91,-6.82,-5.92,0,0,32.71
"Apr 10, 2023 2:20:28 a.m. PDT",17797747721,Order,702-4374178-1780208,ZV-PQDC-48RV,"2 Packs Mole Solar Repeller - Mole Sonic Repeller for Garden - Solar Mole Repeller - Deterrent for Moles, Gophers, Voles",1,amazon.ca,Amazon,Austin,QC,J0B 1B0,Combined TCS+MTC,45.45,6.81,0,0,0,0,0,0,0,0,-6.81,-6.82,-5.92,0,0,32.71
"Apr 10, 2023 4:05:02 a.m. PDT",17797747721,Order,702-3364552-1900202,ZV-PQDC-48RV,"2 Packs Mole Solar Repeller - Mole Sonic Repeller for Garden - Solar Mole Repeller - Deterrent for Moles, Gophers, Voles",1,amazon.ca,Amazon,Regina,Saskatchewan,S4Y 0A9,Combined TCS+MTC,45.45,5,0,0,0,0,0,0,0,0,-5,-6.82,-5.92,0,0,32.71
"Apr 10, 2023 6:40:44 a.m. PDT",17797747721,Order,702-1962834-4429059,ZV-PQDC-48RV,"2 Packs Mole Solar Repeller - Mole Sonic Repeller for Garden - Solar Mole Repeller - Deterrent for Moles, Gophers, Voles",1,amazon.ca,Amazon,EDMONTON,Alberta,T6W 4T2,Combined TCS+MTC,45.45,2.27,0,0,0,0,0,0,0,0,-2.27,-6.82,-5.92,0,0,32.71
"Apr 10, 2023 6:41:19 a.m. PDT",17797747721,Order,702-9864585-2811425,ZV-PQDC-48RV,"2 Packs Mole Solar Repeller - Mole Sonic Repeller for Garden - Solar Mole Repeller - Deterrent for Moles, Gophers, Voles",1,amazon.ca,Amazon,St. Albert,Alberta,T8N 1Z3,Combined TCS+MTC,45.45,2.27,0,0,0,0,0,0,0,0,-2.27,-6.82,-5.92,0,0,32.71
"Apr 10, 2023 8:03:55 a.m. PDT",17797747721,Order,701-0354965-9231475,ZV-PQDC-48RV,"2 Packs Mole Solar Repeller - Mole Sonic Repeller for Garden - Solar Mole Repeller - Deterrent for Moles, Gophers, Voles",1,amazon.ca,Amazon,Sturgeon County,AB,T8T 0C9,Combined TCS+MTC,45.45,2.27,5.9,0,0,0,0,0,-5.9,0,-2.27,-6.82,-5.92,0,0,32.71
"Apr 10, 2023 10:34:35 a.m. PDT",17797747721,Order,701-2827441-7024218,ZV-PQDC-48RV,"2 Packs Mole Solar Repeller - Mole Sonic Repeller for Garden - Solar Mole Repeller - Deterrent for Moles, Gophers, Voles",3,amazon.ca,Amazon,Aldergrove,British Columbia,V4W 3P8,Combined TCS+MTC,136.35,16.35,0,0,0,0,0,0,0,0,-16.35,-20.46,-17.77,0,0,98.12
"Apr 10, 2023 2:55:03 p.m. PDT",17797747721,Order,702-4322257-0959410,ZV-PQDC-48RV,"2 Packs Mole Solar Repeller - Mole Sonic Repeller for Garden - Solar Mole Repeller - Deterrent for Moles, Gophers, Voles",3,amazon.ca,Amazon,Huntsville,Ontario,P1H 0B7,Combined TCS+MTC,136.35,17.73,0,0,0,0,0,0,0,0,-17.73,-20.46,-17.77,0,0,98.12
"Apr 10, 2023 6:18:12 p.m. PDT",17797747721,Order,702-1638600-2615449,ZV-PQDC-48RV,"2 Packs Mole Solar Repeller - Mole Sonic Repeller for Garden - Solar Mole Repeller - Deterrent for Moles, Gophers, Voles",1,amazon.ca,Amazon,Brighton,Ontario,K0K 1H0,Combined TCS+MTC,45.45,5.91,0,0,0,0,0,0,0,0,-5.91,-6.82,-5.92,0,0,32.71
"Apr 10, 2023 7:18:54 p.m. PDT",17797747721,Order,702-4045111-6992223,ZV-PQDC-48RV,"2 Packs Mole Solar Repeller - Mole Sonic Repeller for Garden - Solar Mole Repeller - Deterrent for Moles, Gophers, Voles",1,amazon.ca,Amazon,Candiac,Quebec,J5R 0G4,Combined TCS+MTC,45.45,6.81,0,0,0,0,0,0,0,0,-6.81,-6.82,-5.92,0,0,32.71
"Apr 10, 2023 8:19:27 p.m. PDT",17797747721,Transfer,,,To account ending with: 097,,,,,,,,0,0,0,0,0,0,0,0,0,0,0,0,0,0,-521.65,-521.65
"Apr 11, 2023 3:28:56 a.m. PDT",17797747721,Order,701-1611299-2253844,ZV-PQDC-48RV,"2 Packs Mole Solar Repeller - Mole Sonic Repeller for Garden - Solar Mole Repeller - Deterrent for Moles, Gophers, Voles",1,amazon.ca,Amazon,Nepean,Ontario,K2J 5N5,Combined TCS+MTC,45.45,5.91,0,0,0,0,0,0,0,0,-5.91,-6.82,-5.92,0,0,32.71
"Apr 11, 2023 4:18:07 a.m. PDT",17797747721,Order,702-1576228-0627407,ZV-PQDC-48RV,"2 Packs Mole Solar Repeller - Mole Sonic Repeller for Garden - Solar Mole Repeller - Deterrent for Moles, Gophers, Voles",1,amazon.ca,Amazon,spruce grove,Alberta,T7X 4R5,Combined TCS+MTC,45.45,2.27,0,0,0,0,0,0,0,0,-2.27,-6.82,-5.92,0,0,32.71
"Apr 11, 2023 4:20:46 a.m. PDT",17797747721,Order,702-8113472-4670636,ZV-PQDC-48RV,"2 Packs Mole Solar Repeller - Mole Sonic Repeller for Garden - Solar Mole Repeller - Deterrent for Moles, Gophers, Voles",1,amazon.ca,Amazon,Airdrie,Alberta,T4B 4B2,Combined TCS+MTC,45.45,2.27,0,0,0,0,0,0,0,0,-2.27,-6.82,-5.92,0,0,32.71
"Apr 11, 2023 4:22:37 a.m. PDT",17797747721,Order,701-3874835-5572244,ZV-PQDC-48RV,"2 Packs Mole Solar Repeller - Mole Sonic Repeller for Garden - Solar Mole Repeller - Deterrent for Moles, Gophers, Voles",1,amazon.ca,Amazon,Surrey,British Columbia,V3S 4L6,Combined TCS+MTC,45.45,5.45,0,0,0,0,0,0,0,0,-5.45,-6.82,-5.92,0,0,32.71
"Apr 11, 2023 6:05:48 a.m. PDT",17797747721,Order,701-4471097-2587460,ZV-PQDC-48RV,"2 Packs Mole Solar Repeller - Mole Sonic Repeller for Garden - Solar Mole Repeller - Deterrent for Moles, Gophers, Voles",3,amazon.ca,Amazon,Coquitlam,British Columbia,V3K 3A1,Combined TCS+MTC,136.35,16.35,0,0,0,0,0,0,0,0,-16.35,-20.46,-17.77,0,0,98.12
"Apr 11, 2023 6:14:08 a.m. PDT",17797747721,Service Fee,,,Cost of Advertising,,,,,,,,0,0,0,0,0,0,0,0,0,0,0,0,0,-200.41,0,-200.41
"Apr 11, 2023 9:36:33 a.m. PDT",17797747721,Order,702-2634979-0441033,ZV-PQDC-48RV,"2 Packs Mole Solar Repeller - Mole Sonic Repeller for Garden - Solar Mole Repeller - Deterrent for Moles, Gophers, Voles",1,amazon.ca,Amazon,Annapolis Co,Nova Scotia,B0S 1J0,Combined TCS+MTC,45.45,6.82,0,0,0,0,0,0,0,0,-6.82,-6.82,-5.92,0,0,32.71
"Apr 11, 2023 10:47:47 a.m. PDT",17797747721,Order,702-8395582-4491428,ZV-PQDC-48RV,"2 Packs Mole Solar Repeller - Mole Sonic Repeller for Garden - Solar Mole Repeller - Deterrent for Moles, Gophers, Voles",1,amazon.ca,Amazon,Toronto,Ontario,M4N 3M4,Combined TCS+MTC,45.45,5.91,6.99,0,0,0,0,0,-6.99,0,-5.91,-6.82,-5.92,0,0,32.71
"Apr 11, 2023 10:51:48 a.m. PDT",17797747721,Order,702-9205298-2028201,ZV-PQDC-48RV,"2 Packs Mole Solar Repeller - Mole Sonic Repeller for Garden - Solar Mole Repeller - Deterrent for Moles, Gophers, Voles",1,amazon.ca,Amazon,Calgary,Alberta,T3P1J6,Combined TCS+MTC,45.45,2.27,0,0,0,0,0,0,0,0,-2.27,-6.82,-5.92,0,0,32.71
"Apr 11, 2023 7:31:35 p.m. PDT",17797747721,Order,701-4887606-2313855,ZV-PQDC-48RV,"2 Packs Mole Solar Repeller - Mole Sonic Repeller for Garden - Solar Mole Repeller - Deterrent for Moles, Gophers, Voles",1,amazon.ca,Amazon,"Courtice,",ON,L1E 2H1,Combined TCS+MTC,45.45,5.91,0,0,0,0,0,0,0,0,-5.91,-6.82,-5.92,0,0,32.71
"Apr 11, 2023 10:38:52 p.m. PDT",17797747721,Order,702-9210859-1817030,ZV-PQDC-48RV,"2 Packs Mole Solar Repeller - Mole Sonic Repeller for Garden - Solar Mole Repeller - Deterrent for Moles, Gophers, Voles",1,amazon.ca,Amazon,Winnipeg,Mb,R3X 0M3,Combined TCS+MTC,45.45,5.45,0,0,0,0,0,0,0,0,-5.45,-6.82,-5.92,0,0,32.71
"Apr 11, 2023 10:51:11 p.m. PDT",17797747721,Order,701-1117592-8957033,ZV-PQDC-48RV,"2 Packs Mole Solar Repeller - Mole Sonic Repeller for Garden - Solar Mole Repeller - Deterrent for Moles, Gophers, Voles",1,amazon.ca,Amazon,St. Marys,Ontario,N4X 0C1,Combined TCS+MTC,45.45,5.91,0,0,0,0,0,0,0,0,-5.91,-6.82,-5.92,0,0,32.71
"Apr 12, 2023 2:31:03 a.m. PDT",17797747721,Order,701-0847585-4251431,ZV-PQDC-48RV,"2 Packs Mole Solar Repeller - Mole Sonic Repeller for Garden - Solar Mole Repeller - Deterrent for Moles, Gophers, Voles",1,amazon.ca,Amazon,Laval,Quebec,H7P 5W3,Combined TCS+MTC,45.45,6.81,0,0,0,0,0,0,0,0,-6.81,-6.82,-5.92,0,0,32.71
"Apr 12, 2023 4:29:18 a.m. PDT",17797747721,Order,701-2714863-1812247,ZV-PQDC-48RV,"2 Packs Mole Solar Repeller - Mole Sonic Repeller for Garden - Solar Mole Repeller - Deterrent for Moles, Gophers, Voles",1,amazon.ca,Amazon,Okotoks,Alberta,T1S 0L7,Combined TCS+MTC,45.45,2.27,0,0,0,0,0,0,0,0,-2.27,-6.82,-5.92,0,0,32.71
"Apr 12, 2023 2:55:45 p.m. PDT",17797747721,Order,701-1103951-4603409,ZV-PQDC-48RV,"2 Packs Mole Solar Repeller - Mole Sonic Repeller for Garden - Solar Mole Repeller - Deterrent for Moles, Gophers, Voles",1,amazon.ca,Amazon,Parry Sound,Ontario,P2A 1X8,Combined TCS+MTC,45.45,5.91,0,0,0,0,0,0,0,0,-5.91,-6.82,-5.92,0,0,32.71
"Apr 12, 2023 4:53:15 p.m. PDT",17797747721,Order,702-0771042-5726635,ZV-PQDC-48RV,"2 Packs Mole Solar Repeller - Mole Sonic Repeller for Garden - Solar Mole Repeller - Deterrent for Moles, Gophers, Voles",1,amazon.ca,Amazon,Winnipeg,Manitoba,R3R 3Y7,Combined TCS+MTC,45.45,5.45,0,0,0,0,0,0,0,0,-5.45,-6.82,-5.92,0,0,32.71
"Apr 12, 2023 5:26:54 p.m. PDT",17797747721,Order,702-3679873-2922620,ZV-PQDC-48RV,"2 Packs Mole Solar Repeller - Mole Sonic Repeller for Garden - Solar Mole Repeller - Deterrent for Moles, Gophers, Voles",2,amazon.ca,Amazon,YORK,ON,M9N1M7,Combined TCS+MTC,90.9,11.82,0,0,0,0,0,0,0,0,-11.82,-13.64,-11.84,0,0,65.42
"Apr 12, 2023 7:17:58 p.m. PDT",17797747721,Order,701-0588600-2553828,ZV-PQDC-48RV,"2 Packs Mole Solar Repeller - Mole Sonic Repeller for Garden - Solar Mole Repeller - Deterrent for Moles, Gophers, Voles",3,amazon.ca,Amazon,LaSalle,Ontario,N9J 3W1,Combined TCS+MTC,136.35,17.73,9.8,0,0,0,0,0,-9.8,0,-17.73,-20.46,-17.77,0,0,98.12
"Apr 12, 2023 9:00:04 p.m. PDT",17797747721,Order,702-5066259-9332212,ZV-PQDC-48RV,"2 Packs Mole Solar Repeller - Mole Sonic Repeller for Garden - Solar Mole Repeller - Deterrent for Moles, Gophers, Voles",1,amazon.ca,Amazon,Newmarket,Ontario,L3Y 8P7,Combined TCS+MTC,45.45,5.91,0,0,0,0,0,0,0,0,-5.91,-6.82,-5.92,0,0,32.71
"Apr 12, 2023 10:04:59 p.m. PDT",17797747721,Order,702-5825298-3648230,ZV-PQDC-48RV,"2 Packs Mole Solar Repeller - Mole Sonic Repeller for Garden - Solar Mole Repeller - Deterrent for Moles, Gophers, Voles",2,amazon.ca,Amazon,Curran,Ontario,K0B 1C0,Combined TCS+MTC,90.9,11.82,0,0,0,0,0,0,0,0,-11.82,-13.64,-11.84,0,0,65.42
"Apr 13, 2023 4:03:18 a.m. PDT",17797747721,Order,702-5161297-2356222,ZV-PQDC-48RV,"2 Packs Mole Solar Repeller - Mole Sonic Repeller for Garden - Solar Mole Repeller - Deterrent for Moles, Gophers, Voles",2,amazon.ca,Amazon,Surrey,British Columbia,V3S 1S5,Combined TCS+MTC,90.9,10.9,0,0,0,0,0,0,0,0,-10.9,-13.64,-11.84,0,0,65.42
"Apr 13, 2023 4:03:56 a.m. PDT",17797747721,Order,701-1402950-6228238,ZV-PQDC-48RV,"2 Packs Mole Solar Repeller - Mole Sonic Repeller for Garden - Solar Mole Repeller - Deterrent for Moles, Gophers, Voles",1,amazon.ca,Amazon,Calgary,Alberta,T2Z 1W4,Combined TCS+MTC,45.45,2.27,0,0,0,0,0,0,0,0,-2.27,-6.82,-5.92,0,0,32.71
"Apr 13, 2023 4:03:56 a.m. PDT",17797747721,Order,702-0860129-3238615,ZV-PQDC-48RV,"2 Packs Mole Solar Repeller - Mole Sonic Repeller for Garden - Solar Mole Repeller - Deterrent for Moles, Gophers, Voles",1,amazon.ca,Amazon,Calgary,Alberta,T2J 4V8,Combined TCS+MTC,45.45,2.27,0,0,0,0,0,0,0,0,-2.27,-6.82,-5.92,0,0,32.71
"Apr 13, 2023 4:04:18 a.m. PDT",17797747721,Order,701-2551362-8710631,ZV-PQDC-48RV,"2 Packs Mole Solar Repeller - Mole Sonic Repeller for Garden - Solar Mole Repeller - Deterrent for Moles, Gophers, Voles",1,amazon.ca,Amazon,Saskatoon,SK,S7V 1K5,Combined TCS+MTC,45.45,5,0,0,0,0,0,0,0,0,-5,-6.82,-5.92,0,0,32.71
"Apr 13, 2023 4:05:05 a.m. PDT",17797747721,Order,701-2092969-5301831,ZV-PQDC-48RV,"2 Packs Mole Solar Repeller - Mole Sonic Repeller for Garden - Solar Mole Repeller - Deterrent for Moles, Gophers, Voles",1,amazon.ca,Amazon,Agassiz,British Columbia,V0M 1A1,Combined TCS+MTC,45.45,5.45,0,0,0,0,0,0,0,0,-5.45,-6.82,-5.92,0,0,32.71
"Apr 13, 2023 4:15:10 a.m. PDT",17797747721,Order,702-9883515-0211425,ZV-PQDC-48RV,"2 Packs Mole Solar Repeller - Mole Sonic Repeller for Garden - Solar Mole Repeller - Deterrent for Moles, Gophers, Voles",1,amazon.ca,Amazon,Calgary,Alberta,T3M 2T1,Combined TCS+MTC,45.45,2.27,0,0,0,0,0,0,0,0,-2.27,-6.82,-5.92,0,0,32.71
"Apr 13, 2023 9:34:30 a.m. PDT",17797747721,Order,702-3943063-8376248,ZV-PQDC-48RV,"2 Packs Mole Solar Repeller - Mole Sonic Repeller for Garden - Solar Mole Repeller - Deterrent for Moles, Gophers, Voles",1,amazon.ca,Amazon,Calgary,Alberta,T3E 6R4,Combined TCS+MTC,45.45,2.27,5.9,0,0,0,0,0,-5.9,0,-2.27,-6.82,-5.92,0,0,32.71
"Apr 13, 2023 9:34:47 a.m. PDT",17797747721,Order,701-8013873-6539434,ZV-PQDC-48RV,"2 Packs Mole Solar Repeller - Mole Sonic Repeller for Garden - Solar Mole Repeller - Deterrent for Moles, Gophers, Voles",1,amazon.ca,Amazon,Langley,British Columbia,V1M 2K1,Combined TCS+MTC,45.45,5.45,0,0,0,0,0,0,0,0,-5.45,-6.82,-5.92,0,0,32.71
"Apr 13, 2023 9:49:50 a.m. PDT",17797747721,Order,702-8617705-7641867,ZV-PQDC-48RV,"2 Packs Mole Solar Repeller - Mole Sonic Repeller for Garden - Solar Mole Repeller - Deterrent for Moles, Gophers, Voles",1,amazon.ca,Amazon,Callander,Ontario,P0H 1H0,Combined TCS+MTC,45.45,5.91,0,0,0,0,0,0,0,0,-11.82,-13.64,-5.92,0,0,19.98
"Apr 13, 2023 9:49:50 a.m. PDT",17797747721,Order,702-8617705-7641867,ZV-PQDC-48RV,"2 Packs Mole Solar Repeller - Mole Sonic Repeller for Garden - Solar Mole Repeller - Deterrent for Moles, Gophers, Voles",1,amazon.ca,Amazon,Callander,Ontario,P0H 1H0,,45.45,5.91,0,0,0,0,0,0,0,0,0,0,-5.92,0,0,45.44
"Apr 13, 2023 10:21:05 a.m. PDT",17797747721,Order,702-6829099-4212229,ZV-PQDC-48RV,"2 Packs Mole Solar Repeller - Mole Sonic Repeller for Garden - Solar Mole Repeller - Deterrent for Moles, Gophers, Voles",1,amazon.ca,Amazon,Saint-Constant,Quebec,J5A 0C2,Combined TCS+MTC,45.45,6.81,5.9,0,0,0,0,0,-5.9,0,-6.81,-6.82,-5.92,0,0,32.71
"Apr 13, 2023 11:09:53 a.m. PDT",17797747721,Order,702-5703864-1183442,ZV-PQDC-48RV,"2 Packs Mole Solar Repeller - Mole Sonic Repeller for Garden - Solar Mole Repeller - Deterrent for Moles, Gophers, Voles",1,amazon.ca,Amazon,Minden,ON,K0M 2K0,Combined TCS+MTC,45.45,5.91,0,0,0,0,0,0,0,0,-5.91,-6.82,-5.92,0,0,32.71
"Apr 13, 2023 12:11:29 p.m. PDT",17797747721,Refund,701-1297211-4602652,ZV-PQDC-48RV,"2 Packs Mole Solar Repeller - Mole Sonic Repeller for Garden - Solar Mole Repeller - Deterrent for Moles, Gophers, Voles",1,amazon.ca,Amazon,Edmonton,AB,T6M 0A8,Combined TCS+MTC,-45.45,-2.27,0,0,0,0,0,0,0,0,2.27,5.46,0,0,0,-39.99
"Apr 13, 2023 2:58:15 p.m. PDT",17797747721,Order,701-5855705-6649062,ZV-PQDC-48RV,"2 Packs Mole Solar Repeller - Mole Sonic Repeller for Garden - Solar Mole Repeller - Deterrent for Moles, Gophers, Voles",1,amazon.ca,Amazon,Winnipeg,Manitoba,R3R 3Z7,Combined TCS+MTC,45.45,5.45,0,0,0,0,0,0,0,0,-5.45,-6.82,-5.92,0,0,32.71
"Apr 13, 2023 3:27:02 p.m. PDT",17797747721,Order,702-0442745-6166605,ZV-PQDC-48RV,"2 Packs Mole Solar Repeller - Mole Sonic Repeller for Garden - Solar Mole Repeller - Deterrent for Moles, Gophers, Voles",3,amazon.ca,Amazon,Kitchener,Ontario,N2M 5N6,Combined TCS+MTC,136.35,17.73,0,0,0,0,0,0,0,0,-17.73,-20.46,-17.77,0,0,98.12
"Apr 13, 2023 6:01:24 p.m. PDT",17797747721,Order,702-8404341-0938643,ZV-PQDC-48RV,"2 Packs Mole Solar Repeller - Mole Sonic Repeller for Garden - Solar Mole Repeller - Deterrent for Moles, Gophers, Voles",1,amazon.ca,Amazon,surrey,British Columbia,V3W8P8,Combined TCS+MTC,45.45,5.45,0,0,0,0,0,0,0,0,-5.45,-6.82,-5.92,0,0,32.71
"Apr 13, 2023 9:55:28 p.m. PDT",17797747721,Order,701-2383073-5743428,ZV-PQDC-48RV,"2 Packs Mole Solar Repeller - Mole Sonic Repeller for Garden - Solar Mole Repeller - Deterrent for Moles, Gophers, Voles",1,amazon.ca,Amazon,Smithville,Ontario,L0R 2A0,Combined TCS+MTC,45.45,5.91,0,0,0,0,0,0,0,0,-5.91,-6.82,-5.92,0,0,32.71
"Apr 13, 2023 10:53:24 p.m. PDT",17797747721,Order,701-9579735-8008266,ZV-PQDC-48RV,"2 Packs Mole Solar Repeller - Mole Sonic Repeller for Garden - Solar Mole Repeller - Deterrent for Moles, Gophers, Voles",1,amazon.ca,Amazon,London,Ontario,N6C 4W8,Combined TCS+MTC,45.45,5.91,0,0,0,0,0,0,0,0,-5.91,-6.82,-5.92,0,0,32.71
"Apr 14, 2023 12:42:23 a.m. PDT",17797747721,Order,702-4682659-4083426,ZV-PQDC-48RV,"2 Packs Mole Solar Repeller - Mole Sonic Repeller for Garden - Solar Mole Repeller - Deterrent for Moles, Gophers, Voles",1,amazon.ca,Amazon,Trent Lakes,Ontario,K0M 1C0,Combined TCS+MTC,45.45,5.91,0,0,0,0,0,0,0,0,-5.91,-6.82,-5.92,0,0,32.71
"Apr 14, 2023 2:02:37 a.m. PDT",17797747721,Order,702-9601739-8551432,ZV-PQDC-48RV,"2 Packs Mole Solar Repeller - Mole Sonic Repeller for Garden - Solar Mole Repeller - Deterrent for Moles, Gophers, Voles",1,amazon.ca,Amazon,Hamilton,Ontario,L8W 4A4,Combined TCS+MTC,45.45,5.91,5.9,0,0,0,0,0,-5.9,0,-5.91,-6.82,-5.92,0,0,32.71
"Apr 14, 2023 3:22:40 a.m. PDT",17797747721,Order,702-2799721-9353000,ZV-PQDC-48RV,"2 Packs Mole Solar Repeller - Mole Sonic Repeller for Garden - Solar Mole Repeller - Deterrent for Moles, Gophers, Voles",2,amazon.ca,Amazon,Ottawa,Ontario,K1V 6K5,Combined TCS+MTC,90.9,11.82,0,0,0,0,0,0,0,0,-11.82,-13.64,-11.84,0,0,65.42
"Apr 14, 2023 4:25:03 a.m. PDT",17797747721,Order,702-4692404-5013067,ZV-PQDC-48RV,"2 Packs Mole Solar Repeller - Mole Sonic Repeller for Garden - Solar Mole Repeller - Deterrent for Moles, Gophers, Voles",2,amazon.ca,Amazon,RED DEER,Alberta,T4N 0E2,Combined TCS+MTC,90.9,4.54,0,0,0,0,0,0,0,0,-4.54,-13.64,-11.84,0,0,65.42
"Apr 14, 2023 4:26:41 a.m. PDT",17797747721,Order,701-3405738-8950601,ZV-PQDC-48RV,"2 Packs Mole Solar Repeller - Mole Sonic Repeller for Garden - Solar Mole Repeller - Deterrent for Moles, Gophers, Voles",1,amazon.ca,Amazon,Spruce Grove,Alberta,T7X 4M1,Combined TCS+MTC,45.45,2.27,0,0,0,0,0,0,0,0,-2.27,-6.82,-5.92,0,0,32.71
"Apr 14, 2023 7:20:29 a.m. PDT",17797747721,Order,701-8464835-9268259,ZV-PQDC-48RV,"2 Packs Mole Solar Repeller - Mole Sonic Repeller for Garden - Solar Mole Repeller - Deterrent for Moles, Gophers, Voles",2,amazon.ca,Amazon,Swift Current,Saskatchewan,S9H 3E5,Combined TCS+MTC,90.9,10,0,0,0,0,0,0,0,0,-10,-13.64,-11.84,0,0,65.42
"Apr 14, 2023 8:46:55 a.m. PDT",17797747721,Order,701-2080016-1068256,ZV-PQDC-48RV,"2 Packs Mole Solar Repeller - Mole Sonic Repeller for Garden - Solar Mole Repeller - Deterrent for Moles, Gophers, Voles",1,amazon.ca,Amazon,Sainte-Anne-De-Sorel,QC,J3P 1K5,Combined TCS+MTC,45.45,6.81,0,0,0,0,0,0,0,0,-6.81,-6.82,-5.92,0,0,32.71
"Apr 14, 2023 10:30:08 a.m. PDT",17797747721,Order,701-0503398-8271464,ZV-PQDC-48RV,"2 Packs Mole Solar Repeller - Mole Sonic Repeller for Garden - Solar Mole Repeller - Deterrent for Moles, Gophers, Voles",1,amazon.ca,Amazon,Thunder Bay,Ontario,P7K 0A3,Combined TCS+MTC,45.45,5.91,0,0,0,0,0,0,0,0,-11.82,-13.64,-5.92,0,0,19.98
"Apr 14, 2023 10:30:08 a.m. PDT",17797747721,Order,701-0503398-8271464,ZV-PQDC-48RV,"2 Packs Mole Solar Repeller - Mole Sonic Repeller for Garden - Solar Mole Repeller - Deterrent for Moles, Gophers, Voles",1,amazon.ca,Amazon,Thunder Bay,Ontario,P7K 0A3,,45.45,5.91,0,0,0,0,0,0,0,0,0,0,-5.92,0,0,45.44
"Apr 14, 2023 1:34:52 p.m. PDT",17797747721,Refund,701-0563179-9954663,ZV-PQDC-48RV,"2 Packs Mole Solar Repeller - Mole Sonic Repeller for Garden - Solar Mole Repeller - Deterrent for Moles, Gophers, Voles",1,amazon.ca,Amazon,Barrie,Ontario,L4N 8E4,Combined TCS+MTC,-45.45,-5.91,0,0,0,0,0,0,0,0,11.82,10.91,0,0,0,-28.63
"Apr 14, 2023 1:34:52 p.m. PDT",17797747721,Refund,701-0563179-9954663,ZV-PQDC-48RV,"2 Packs Mole Solar Repeller - Mole Sonic Repeller for Garden - Solar Mole Repeller - Deterrent for Moles, Gophers, Voles",1,amazon.ca,Amazon,Barrie,Ontario,L4N 8E4,,-45.45,-5.91,0,0,0,0,0,0,0,0,0,0,0,0,0,-51.36
"Apr 14, 2023 7:31:12 p.m. PDT",17797747721,Order,701-2516592-8493832,ZV-PQDC-48RV,"2 Packs Mole Solar Repeller - Mole Sonic Repeller for Garden - Solar Mole Repeller - Deterrent for Moles, Gophers, Voles",1,amazon.ca,Amazon,Leamington,Ontario,N8H 3V7,Combined TCS+MTC,45.45,5.91,0,0,0,0,0,0,0,0,-5.91,-6.82,-5.92,0,0,32.71
"Apr 14, 2023 8:58:56 p.m. PDT",17797747721,Order,701-5247699-2385017,ZV-PQDC-48RV,"2 Packs Mole Solar Repeller - Mole Sonic Repeller for Garden - Solar Mole Repeller - Deterrent for Moles, Gophers, Voles",1,amazon.ca,Amazon,Manotick,Ontario,K4M 0J1,Combined TCS+MTC,45.45,5.91,3.27,0,0,0,0,0,-3.27,0,-5.91,-6.82,-5.92,0,0,32.71
"Apr 14, 2023 9:26:06 p.m. PDT",17797747721,Order,701-8413026-7514658,ZV-PQDC-48RV,"2 Packs Mole Solar Repeller - Mole Sonic Repeller for Garden - Solar Mole Repeller - Deterrent for Moles, Gophers, Voles",1,amazon.ca,Amazon,Blainville,Quebec,J7C 2V3,Combined TCS+MTC,45.45,6.81,0,0,0,0,0,0,0,0,-6.81,-6.82,-5.92,0,0,32.71
"Apr 14, 2023 10:28:41 p.m. PDT",17797747721,Order,702-5077320-6412224,ZV-PQDC-48RV,"2 Packs Mole Solar Repeller - Mole Sonic Repeller for Garden - Solar Mole Repeller - Deterrent for Moles, Gophers, Voles",1,amazon.ca,Amazon,Beaverdam,NB,E3B 8B2,Combined TCS+MTC,45.45,6.82,0,0,0,0,0,0,0,0,-6.82,-6.82,-5.92,0,0,32.71
"Apr 14, 2023 10:29:21 p.m. PDT",17797747721,Order,701-1795728-2402639,ZV-PQDC-48RV,"2 Packs Mole Solar Repeller - Mole Sonic Repeller for Garden - Solar Mole Repeller - Deterrent for Moles, Gophers, Voles",1,amazon.ca,Amazon,Smithville,Ontario,L0R 2A0,Combined TCS+MTC,45.45,5.91,0,0,0,0,0,0,0,0,-5.91,-6.82,-5.92,0,0,32.71
"Apr 14, 2023 11:31:19 p.m. PDT",17797747721,Order,701-1518554-5625835,ZV-PQDC-48RV,"2 Packs Mole Solar Repeller - Mole Sonic Repeller for Garden - Solar Mole Repeller - Deterrent for Moles, Gophers, Voles",1,amazon.ca,Amazon,ottawa,ontario,K2C 4A3,Combined TCS+MTC,45.45,5.91,0,0,0,0,0,0,0,0,-5.91,-6.82,-5.92,0,0,32.71
"Apr 15, 2023 7:13:35 a.m. PDT",17797747721,Order,702-5756291-2409806,ZV-PQDC-48RV,"2 Packs Mole Solar Repeller - Mole Sonic Repeller for Garden - Solar Mole Repeller - Deterrent for Moles, Gophers, Voles",1,amazon.ca,Amazon,Coquitlam,British Columbia,V3E 3B7,Combined TCS+MTC,45.45,5.45,0,0,0,0,0,0,0,0,-5.45,-6.82,-5.92,0,0,32.71
"Apr 15, 2023 9:54:09 a.m. PDT",17797747721,Order,701-4424664-0551437,ZV-PQDC-48RV,"2 Packs Mole Solar Repeller - Mole Sonic Repeller for Garden - Solar Mole Repeller - Deterrent for Moles, Gophers, Voles",1,amazon.ca,Amazon,Calgary,Alberta,T2Y 4R3,Combined TCS+MTC,45.45,2.27,3.93,0,0,0,0,0,-3.93,0,-2.27,-6.82,-6.33,0,0,32.3
"Apr 15, 2023 11:36:49 a.m. PDT",17797747721,Order,702-0352079-2424226,ZV-PQDC-48RV,"2 Packs Mole Solar Repeller - Mole Sonic Repeller for Garden - Solar Mole Repeller - Deterrent for Moles, Gophers, Voles",1,amazon.ca,Amazon,Woodbridge,Ontario,L4H 4R2,Combined TCS+MTC,45.45,5.91,6.43,0,0,0,0,0,-6.43,0,-5.91,-6.82,-5.92,0,0,32.71
"Apr 15, 2023 4:12:35 p.m. PDT",17797747721,Order,702-1309666-5233849,ZV-PQDC-48RV,"2 Packs Mole Solar Repeller - Mole Sonic Repeller for Garden - Solar Mole Repeller - Deterrent for Moles, Gophers, Voles",2,amazon.ca,Amazon,Calmar,AB,T0C 0V0,Combined TCS+MTC,90.9,4.54,0,0,0,0,0,0,0,0,-4.54,-13.64,-11.84,0,0,65.42
"Apr 15, 2023 5:09:26 p.m. PDT",17797747721,Order,702-7969548-1381868,ZV-PQDC-48RV,"2 Packs Mole Solar Repeller - Mole Sonic Repeller for Garden - Solar Mole Repeller - Deterrent for Moles, Gophers, Voles",1,amazon.ca,Amazon,Donnacona,Quebec,G3M 0H6,Combined TCS+MTC,45.45,6.81,0,0,0,0,0,0,0,0,-6.81,-6.82,-5.92,0,0,32.71
"Apr 15, 2023 7:19:28 p.m. PDT",17797747721,Order,702-5654036-2939401,ZV-PQDC-48RV,"2 Packs Mole Solar Repeller - Mole Sonic Repeller for Garden - Solar Mole Repeller - Deterrent for Moles, Gophers, Voles",1,amazon.ca,Amazon,Montreal,Quebec,H1M 1A6,Combined TCS+MTC,45.45,6.81,0,0,0,0,0,0,0,0,-6.81,-6.82,-5.92,0,0,32.71
"Apr 15, 2023 7:47:29 p.m. PDT",17797747721,Order,702-5096550-1279404,ZV-PQDC-48RV,"2 Packs Mole Solar Repeller - Mole Sonic Repeller for Garden - Solar Mole Repeller - Deterrent for Moles, Gophers, Voles",1,amazon.ca,Amazon,Leamington,ON,N8H5G9,Combined TCS+MTC,45.45,5.91,0,0,0,0,0,0,0,0,-5.91,-6.82,-5.92,0,0,32.71
"Apr 15, 2023 8:36:09 p.m. PDT",17797747721,Order,701-7197420-8514631,ZV-PQDC-48RV,"2 Packs Mole Solar Repeller - Mole Sonic Repeller for Garden - Solar Mole Repeller - Deterrent for Moles, Gophers, Voles",3,amazon.ca,Amazon,Brockville,Ontario,K6V 5T2,Combined TCS+MTC,136.35,17.73,0,0,0,0,0,0,0,0,-17.73,-20.46,-17.77,0,0,98.12
"Apr 15, 2023 9:38:01 p.m. PDT",17797747721,Order,702-9305194-4217815,ZV-PQDC-48RV,"2 Packs Mole Solar Repeller - Mole Sonic Repeller for Garden - Solar Mole Repeller - Deterrent for Moles, Gophers, Voles",2,amazon.ca,Amazon,Alfred,Ontario,K0B 1A0,Combined TCS+MTC,90.9,11.82,0,0,0,0,0,0,0,0,-11.82,-13.64,-11.84,0,0,65.42
"Apr 15, 2023 9:39:46 p.m. PDT",17797747721,Order,701-1072375-3389030,ZV-PQDC-48RV,"2 Packs Mole Solar Repeller - Mole Sonic Repeller for Garden - Solar Mole Repeller - Deterrent for Moles, Gophers, Voles",2,amazon.ca,Amazon,Rockland,Ontario,K4K 1K9,Combined TCS+MTC,90.9,11.82,0,0,0,0,0,0,0,0,-11.82,-13.64,-11.84,0,0,65.42
"Apr 15, 2023 10:29:51 p.m. PDT",17797747721,Order,702-5815269-2541803,ZV-PQDC-48RV,"2 Packs Mole Solar Repeller - Mole Sonic Repeller for Garden - Solar Mole Repeller - Deterrent for Moles, Gophers, Voles",1,amazon.ca,Amazon,Winnipeg,Manitoba,R3W 1J8,Combined TCS+MTC,45.45,5.45,0,0,0,0,0,0,0,0,-5.45,-6.82,-5.92,0,0,32.71
"Apr 15, 2023 11:15:18 p.m. PDT",17797747721,Order,701-6706423-4381831,ZV-PQDC-48RV,"2 Packs Mole Solar Repeller - Mole Sonic Repeller for Garden - Solar Mole Repeller - Deterrent for Moles, Gophers, Voles",2,amazon.ca,Amazon,Nepean,On,K2J 0Y7,Combined TCS+MTC,90.9,11.82,0,0,0,0,0,0,0,0,-11.82,-13.64,-11.84,0,0,65.42
"Apr 16, 2023 12:50:47 a.m. PDT",17797747721,Order,702-1662034-6553829,ZV-PQDC-48RV,"2 Packs Mole Solar Repeller - Mole Sonic Repeller for Garden - Solar Mole Repeller - Deterrent for Moles, Gophers, Voles",1,amazon.ca,Amazon,Sudbury,Ontario,P3G 1N4,Combined TCS+MTC,45.45,5.91,0,0,0,0,0,0,0,0,-5.91,-6.82,-5.92,0,0,32.71
"Apr 16, 2023 2:05:51 a.m. PDT",17797747721,Order,701-9725203-7591454,ZV-PQDC-48RV,"2 Packs Mole Solar Repeller - Mole Sonic Repeller for Garden - Solar Mole Repeller - Deterrent for Moles, Gophers, Voles",1,amazon.ca,Amazon,Mont-Saint-Hilaire,Quebec,J3H 0B3,Combined TCS+MTC,45.45,6.81,0,0,0,0,0,0,0,0,-6.81,-6.82,-5.92,0,0,32.71
"Apr 16, 2023 4:57:56 a.m. PDT",17797747721,Order,701-5182486-6245807,ZV-PQDC-48RV,"2 Packs Mole Solar Repeller - Mole Sonic Repeller for Garden - Solar Mole Repeller - Deterrent for Moles, Gophers, Voles",2,amazon.ca,Amazon,Victoriaville,Québec,G6P 7H3,Combined TCS+MTC,90.9,13.62,0,0,0,0,0,0,0,0,-13.62,-13.64,-11.84,0,0,65.42
"Apr 16, 2023 6:38:13 a.m. PDT",17797747721,Order,702-8145314-5023427,ZV-PQDC-48RV,"2 Packs Mole Solar Repeller - Mole Sonic Repeller for Garden - Solar Mole Repeller - Deterrent for Moles, Gophers, Voles",1,amazon.ca,Amazon,Burnaby,BC,V5A 4A1,Combined TCS+MTC,45.45,5.45,0,0,0,0,0,0,0,0,-5.45,-6.82,-5.92,0,0,32.71
"Apr 16, 2023 8:05:56 a.m. PDT",17797747721,Order,702-8601483-5233801,ZV-PQDC-48RV,"2 Packs Mole Solar Repeller - Mole Sonic Repeller for Garden - Solar Mole Repeller - Deterrent for Moles, Gophers, Voles",1,amazon.ca,Amazon,Calgary,Alberta,T3A 5R2,Combined TCS+MTC,45.45,2.27,0,0,0,0,0,0,0,0,-2.27,-6.82,-5.92,0,0,32.71
"Apr 16, 2023 8:06:44 a.m. PDT",17797747721,Order,701-6897301-0971433,ZV-PQDC-48RV,"2 Packs Mole Solar Repeller - Mole Sonic Repeller for Garden - Solar Mole Repeller - Deterrent for Moles, Gophers, Voles",1,amazon.ca,Amazon,Coquitlam,British Columbia,V3K 6J3,Combined TCS+MTC,45.45,5.45,0,0,0,0,0,0,0,0,-5.45,-6.82,-5.92,0,0,32.71
"Apr 16, 2023 11:40:25 a.m. PDT",17797747721,Order,701-7193173-5893066,ZV-PQDC-48RV,"2 Packs Mole Solar Repeller - Mole Sonic Repeller for Garden - Solar Mole Repeller - Deterrent for Moles, Gophers, Voles",1,amazon.ca,Amazon,Woodbridge,Ontario,L4H 0B8,Combined TCS+MTC,45.45,5.91,6.99,0,0,0,0,0,-6.99,0,-5.91,-6.82,-5.92,0,0,32.71
"Apr 16, 2023 2:30:44 p.m. PDT",17797747721,Order,702-8817431-1821049,ZV-PQDC-48RV,"2 Packs Mole Solar Repeller - Mole Sonic Repeller for Garden - Solar Mole Repeller - Deterrent for Moles, Gophers, Voles",1,amazon.ca,Amazon,Saint-Constant,Quebec,J5A 0L1,Combined TCS+MTC,45.45,6.81,0,0,0,0,0,0,0,0,-6.81,-6.82,-5.92,0,0,32.71
"Apr 16, 2023 2:45:18 p.m. PDT",17797747721,Order,701-6985023-5139467,ZV-PQDC-48RV,"2 Packs Mole Solar Repeller - Mole Sonic Repeller for Garden - Solar Mole Repeller - Deterrent for Moles, Gophers, Voles",1,amazon.ca,Amazon,Cornwall,Ontario,K6H 3K9,Combined TCS+MTC,45.45,5.91,0,0,0,0,0,0,0,0,-5.91,-6.82,-5.92,0,0,32.71
"Apr 16, 2023 2:56:08 p.m. PDT",17797747721,Order,702-8701205-3989013,ZV-PQDC-48RV,"2 Packs Mole Solar Repeller - Mole Sonic Repeller for Garden - Solar Mole Repeller - Deterrent for Moles, Gophers, Voles",2,amazon.ca,Amazon,Wahnapitae,Ontario,P0M 3C0,Combined TCS+MTC,90.9,11.82,0,0,0,0,0,0,0,0,-11.82,-13.64,-11.84,0,0,65.42
"Apr 16, 2023 3:07:18 p.m. PDT",17797747721,Order,701-6535474-4748214,ZV-PQDC-48RV,"2 Packs Mole Solar Repeller - Mole Sonic Repeller for Garden - Solar Mole Repeller - Deterrent for Moles, Gophers, Voles",1,amazon.ca,Amazon,Smiths Falls,Ontario,K7A 0B4,Combined TCS+MTC,45.45,5.91,0,0,0,0,0,0,0,0,-11.82,-13.64,-5.92,0,0,19.98
"Apr 16, 2023 3:07:18 p.m. PDT",17797747721,Order,701-6535474-4748214,ZV-PQDC-48RV,"2 Packs Mole Solar Repeller - Mole Sonic Repeller for Garden - Solar Mole Repeller - Deterrent for Moles, Gophers, Voles",1,amazon.ca,Amazon,Smiths Falls,Ontario,K7A 0B4,,45.45,5.91,0,0,0,0,0,0,0,0,0,0,-5.92,0,0,45.44
"Apr 16, 2023 6:48:38 p.m. PDT",17797747721,Order,701-0042669-8307436,ZV-PQDC-48RV,"2 Packs Mole Solar Repeller - Mole Sonic Repeller for Garden - Solar Mole Repeller - Deterrent for Moles, Gophers, Voles",1,amazon.ca,Amazon,East Gwillimbury,Ontario,L9N 0S5,Combined TCS+MTC,45.45,5.91,0,0,0,0,0,0,0,0,-11.82,-13.64,-5.92,0,0,19.98
"Apr 16, 2023 6:48:38 p.m. PDT",17797747721,Order,701-0042669-8307436,ZV-PQDC-48RV,"2 Packs Mole Solar Repeller - Mole Sonic Repeller for Garden - Solar Mole Repeller - Deterrent for Moles, Gophers, Voles",1,amazon.ca,Amazon,East Gwillimbury,Ontario,L9N 0S5,,45.45,5.91,0,0,0,0,0,0,0,0,0,0,-5.92,0,0,45.44
"Apr 16, 2023 8:27:13 p.m. PDT",17797747721,Order,701-4559521-8251423,ZV-PQDC-48RV,"2 Packs Mole Solar Repeller - Mole Sonic Repeller for Garden - Solar Mole Repeller - Deterrent for Moles, Gophers, Voles",2,amazon.ca,Amazon,blumenort,Manitoba,R0A 0C1,Combined TCS+MTC,90.9,10.9,0,0,0,0,0,0,0,0,-10.9,-13.64,-11.84,0,0,65.42
"Apr 16, 2023 8:38:42 p.m. PDT",17797747721,Order,701-9304254-2240232,ZV-PQDC-48RV,"2 Packs Mole Solar Repeller - Mole Sonic Repeller for Garden - Solar Mole Repeller - Deterrent for Moles, Gophers, Voles",1,amazon.ca,Amazon,Renfrew,Ontario,K7V 0C4,Combined TCS+MTC,45.45,5.91,0,0,0,0,0,0,0,0,-5.91,-6.82,-5.92,0,0,32.71
"Apr 16, 2023 9:43:55 p.m. PDT",17797747721,Order,702-3498471-7766655,ZV-PQDC-48RV,"2 Packs Mole Solar Repeller - Mole Sonic Repeller for Garden - Solar Mole Repeller - Deterrent for Moles, Gophers, Voles",1,amazon.ca,Amazon,Limoges,Ontario,K0A 2M0,Combined TCS+MTC,45.45,5.91,0,0,0,0,0,0,0,0,-5.91,-6.82,-5.92,0,0,32.71
"Apr 16, 2023 10:28:24 p.m. PDT",17797747721,Order,701-5255648-4386623,ZV-PQDC-48RV,"2 Packs Mole Solar Repeller - Mole Sonic Repeller for Garden - Solar Mole Repeller - Deterrent for Moles, Gophers, Voles",1,amazon.ca,Amazon,Winnipeg,Manitoba,R2J 4K4,Combined TCS+MTC,45.45,5.45,0,0,0,0,0,0,0,0,-5.45,-6.82,-5.92,0,0,32.71
"Apr 16, 2023 10:56:24 p.m. PDT",17797747721,Order,701-3550934-7265820,ZV-PQDC-48RV,"2 Packs Mole Solar Repeller - Mole Sonic Repeller for Garden - Solar Mole Repeller - Deterrent for Moles, Gophers, Voles",1,amazon.ca,Amazon,Ingersoll,Ontario,N5C 0A6,Combined TCS+MTC,45.45,5.91,0,0,0,0,0,0,0,0,-5.91,-6.82,-5.92,0,0,32.71
"Apr 16, 2023 11:04:37 p.m. PDT",17797747721,Order,702-1568603-1605069,ZV-PQDC-48RV,"2 Packs Mole Solar Repeller - Mole Sonic Repeller for Garden - Solar Mole Repeller - Deterrent for Moles, Gophers, Voles",1,amazon.ca,Amazon,Terrebonne,Quebec,J7M 1L3,Combined TCS+MTC,45.45,6.81,0,0,0,0,0,0,0,0,-6.81,-6.82,-5.92,0,0,32.71
"Apr 16, 2023 11:26:31 p.m. PDT",17797747721,Order,701-5438461-7358660,ZV-PQDC-48RV,"2 Packs Mole Solar Repeller - Mole Sonic Repeller for Garden - Solar Mole Repeller - Deterrent for Moles, Gophers, Voles",1,amazon.ca,Amazon,Gatineau,Quebec,J8V 2P2,Combined TCS+MTC,45.45,6.81,0,0,0,0,0,0,0,0,-6.81,-6.82,-5.92,0,0,32.71
"Apr 17, 2023 12:02:21 a.m. PDT",17797747721,Order,701-8139026-0155467,ZV-PQDC-48RV,"2 Packs Mole Solar Repeller - Mole Sonic Repeller for Garden - Solar Mole Repeller - Deterrent for Moles, Gophers, Voles",1,amazon.ca,Amazon,Candiac,Quebec,J5R 3M6,Combined TCS+MTC,45.45,6.81,0,0,0,0,0,0,0,0,-6.81,-6.82,-5.92,0,0,32.71
"Apr 17, 2023 1:56:30 a.m. PDT",17797747721,Order,701-4631278-1897033,ZV-PQDC-48RV,"2 Packs Mole Solar Repeller - Mole Sonic Repeller for Garden - Solar Mole Repeller - Deterrent for Moles, Gophers, Voles",1,amazon.ca,Amazon,Ottawa,Ontario,K1V 6S1,Combined TCS+MTC,45.45,5.91,0,0,0,0,0,0,0,0,-5.91,-6.82,-5.92,0,0,32.71
"Apr 17, 2023 3:31:24 a.m. PDT",17797747721,Order,701-3228400-9881029,ZV-PQDC-48RV,"2 Packs Mole Solar Repeller - Mole Sonic Repeller for Garden - Solar Mole Repeller - Deterrent for Moles, Gophers, Voles",2,amazon.ca,Amazon,Chestermere,Alberta,T1X 1C7,Combined TCS+MTC,90.9,4.54,0,0,0,0,0,0,0,0,-4.54,-13.64,-11.84,0,0,65.42
"Apr 17, 2023 6:06:53 a.m. PDT",17797747721,Order,702-4205757-5657036,ZV-PQDC-48RV,"2 Packs Mole Solar Repeller - Mole Sonic Repeller for Garden - Solar Mole Repeller - Deterrent for Moles, Gophers, Voles",1,amazon.ca,Amazon,Edmonton,AB,T6W 1S6,Combined TCS+MTC,45.45,2.27,0,0,0,0,0,0,0,0,-2.27,-6.82,-5.92,0,0,32.71
"Apr 17, 2023 6:07:43 a.m. PDT",17797747721,Order,702-4732387-7569846,ZV-PQDC-48RV,"2 Packs Mole Solar Repeller - Mole Sonic Repeller for Garden - Solar Mole Repeller - Deterrent for Moles, Gophers, Voles",1,amazon.ca,Amazon,High River,Alberta,T1V 1T5,Combined TCS+MTC,45.45,2.27,0,0,0,0,0,0,0,0,-2.27,-6.82,-5.92,0,0,32.71
"Apr 17, 2023 6:09:06 a.m. PDT",17797747721,Order,701-0095651-1480223,ZV-PQDC-48RV,"2 Packs Mole Solar Repeller - Mole Sonic Repeller for Garden - Solar Mole Repeller - Deterrent for Moles, Gophers, Voles",1,amazon.ca,Amazon,Surrey,BC,V3X3N8,Combined TCS+MTC,45.45,5.45,0,0,0,0,0,0,0,0,-5.45,-6.82,-5.92,0,0,32.71
"Apr 17, 2023 6:09:33 a.m. PDT",17797747721,Order,702-2039666-9221844,ZV-PQDC-48RV,"2 Packs Mole Solar Repeller - Mole Sonic Repeller for Garden - Solar Mole Repeller - Deterrent for Moles, Gophers, Voles",1,amazon.ca,Amazon,Calgary,Alberta,T3E 1J9,Combined TCS+MTC,45.45,2.27,0,0,0,0,0,0,0,0,-2.27,-6.82,-5.92,0,0,32.71
"Apr 17, 2023 6:10:20 a.m. PDT",17797747721,Order,702-1939937-9069818,ZV-PQDC-48RV,"2 Packs Mole Solar Repeller - Mole Sonic Repeller for Garden - Solar Mole Repeller - Deterrent for Moles, Gophers, Voles",1,amazon.ca,Amazon,Calgary,Alberta,T3H 5Z1,Combined TCS+MTC,45.45,2.27,0,0,0,0,0,0,0,0,-2.27,-6.82,-5.92,0,0,32.71
"Apr 17, 2023 6:56:52 a.m. PDT",17797747721,Order,702-3786964-3157822,ZV-PQDC-48RV,"2 Packs Mole Solar Repeller - Mole Sonic Repeller for Garden - Solar Mole Repeller - Deterrent for Moles, Gophers, Voles",2,amazon.ca,Amazon,Kingsey Falls,Quebec,J0A 1B0,Combined TCS+MTC,90.9,13.62,0,0,0,0,0,0,0,0,-13.62,-13.64,-11.84,0,0,65.42
"Apr 17, 2023 7:52:20 a.m. PDT",17797747721,Order,702-2875724-9839460,ZV-PQDC-48RV,"2 Packs Mole Solar Repeller - Mole Sonic Repeller for Garden - Solar Mole Repeller - Deterrent for Moles, Gophers, Voles",1,amazon.ca,Amazon,Edmonton,Alberta,T6W 0L6,Combined TCS+MTC,45.45,2.27,0,0,0,0,0,0,0,0,-2.27,-6.82,-5.92,0,0,32.71
"Apr 17, 2023 8:59:11 a.m. PDT",17797747721,Order,702-3458680-8533869,ZV-PQDC-48RV,"2 Packs Mole Solar Repeller - Mole Sonic Repeller for Garden - Solar Mole Repeller - Deterrent for Moles, Gophers, Voles",2,amazon.ca,Amazon,coe hill,Ontario,K0L 1P0,Combined TCS+MTC,90.9,11.82,0,0,0,0,0,0,0,0,-11.82,-13.64,-11.84,0,0,65.42
"Apr 17, 2023 9:41:54 a.m. PDT",17797747721,Order,701-3413240-7471464,ZV-PQDC-48RV,"2 Packs Mole Solar Repeller - Mole Sonic Repeller for Garden - Solar Mole Repeller - Deterrent for Moles, Gophers, Voles",1,amazon.ca,Amazon,Cap-D'Espoir,Quebec,G0C 1G0,Combined TCS+MTC,45.45,6.81,0,0,0,0,0,0,0,0,-6.81,-6.82,-5.92,0,0,32.71
"Apr 17, 2023 9:46:47 a.m. PDT",17797747721,Order,702-8218447-7593015,ZV-PQDC-48RV,"2 Packs Mole Solar Repeller - Mole Sonic Repeller for Garden - Solar Mole Repeller - Deterrent for Moles, Gophers, Voles",1,amazon.ca,Amazon,Sault Ste. Marie,ON,P6A 4S1,Combined TCS+MTC,45.45,5.91,2.74,0,0,0,0,0,-2.74,0,-5.91,-6.82,-5.92,0,0,32.71
"Apr 17, 2023 9:47:23 a.m. PDT",17797747721,Order,702-9616943-9607464,ZV-PQDC-48RV,"2 Packs Mole Solar Repeller - Mole Sonic Repeller for Garden - Solar Mole Repeller - Deterrent for Moles, Gophers, Voles",1,amazon.ca,Amazon,Sault Ste. Marie,Ontario,P6B 0E3,Combined TCS+MTC,45.45,5.91,0,0,0,0,0,0,0,0,-5.91,-6.82,-5.92,0,0,32.71
"Apr 17, 2023 10:19:44 a.m. PDT",17797747721,Order,701-9484236-0409812,ZV-PQDC-48RV,"2 Packs Mole Solar Repeller - Mole Sonic Repeller for Garden - Solar Mole Repeller - Deterrent for Moles, Gophers, Voles",2,amazon.ca,Amazon,Huntsville,Ontario,P1H 1C9,Combined TCS+MTC,90.9,11.82,0,0,0,0,0,0,0,0,-11.82,-13.64,-11.84,0,0,65.42
"Apr 17, 2023 11:25:15 a.m. PDT",17797747721,Order,702-0119308-2393839,ZV-PQDC-48RV,"2 Packs Mole Solar Repeller - Mole Sonic Repeller for Garden - Solar Mole Repeller - Deterrent for Moles, Gophers, Voles",2,amazon.ca,Amazon,Amaranth,Ontario,L9W 0L1,Combined TCS+MTC,90.9,11.82,0,0,0,0,0,0,0,0,-11.82,-13.64,-11.84,0,0,65.42
"Apr 17, 2023 2:14:26 p.m. PDT",17797747721,Order,701-7859114-2151426,ZV-PQDC-48RV,"2 Packs Mole Solar Repeller - Mole Sonic Repeller for Garden - Solar Mole Repeller - Deterrent for Moles, Gophers, Voles",1,amazon.ca,Amazon,Chelmsford,Ontario,P0M 1L0,Combined TCS+MTC,46.45,6.04,0,0,0,0,0,0,0,0,-6.04,-6.97,-5.92,0,0,33.56
"Apr 17, 2023 2:28:53 p.m. PDT",17797747721,Refund,701-7034543-6258621,ZV-PQDC-48RV,"2 Packs Mole Solar Repeller - Mole Sonic Repeller for Garden - Solar Mole Repeller - Deterrent for Moles, Gophers, Voles",1,amazon.ca,Amazon,Surrey,British Columbia,V3S 4L6,Combined TCS+MTC,-45.45,-5.45,0,0,0,0,0,0,0,0,5.45,5.46,0,0,0,-39.99
"Apr 17, 2023 2:53:26 p.m. PDT",17797747721,Order,701-2467437-7815462,ZV-PQDC-48RV,"2 Packs Mole Solar Repeller - Mole Sonic Repeller for Garden - Solar Mole Repeller - Deterrent for Moles, Gophers, Voles",1,amazon.ca,Amazon,gatineau,quebec,J8Y 2G3,Combined TCS+MTC,46.45,6.96,0,0,0,0,0,0,0,0,-6.96,-6.97,-5.92,0,0,33.56
"Apr 17, 2023 2:55:18 p.m. PDT",17797747721,Order,702-5009603-9281001,ZV-PQDC-48RV,"2 Packs Mole Solar Repeller - Mole Sonic Repeller for Garden - Solar Mole Repeller - Deterrent for Moles, Gophers, Voles",1,amazon.ca,Amazon,Quebec,Quebec,G2A 1Z6,Combined TCS+MTC,45.45,6.81,0,0,0,0,0,0,0,0,-6.81,-6.82,-5.92,0,0,32.71
"Apr 17, 2023 2:57:14 p.m. PDT",17797747721,Order,701-9170920-1589025,ZV-PQDC-48RV,"2 Packs Mole Solar Repeller - Mole Sonic Repeller for Garden - Solar Mole Repeller - Deterrent for Moles, Gophers, Voles",1,amazon.ca,Amazon,South River,Ontario,P0A 1X0,Combined TCS+MTC,45.45,5.91,5.9,0,0,0,0,0,-5.9,0,-5.91,-6.82,-5.92,0,0,32.71
"Apr 17, 2023 2:57:50 p.m. PDT",17797747721,Order,702-1690013-5997834,ZV-PQDC-48RV,"2 Packs Mole Solar Repeller - Mole Sonic Repeller for Garden - Solar Mole Repeller - Deterrent for Moles, Gophers, Voles",1,amazon.ca,Amazon,Wasaga Beach,Ontario,L9Z 1P8,Combined TCS+MTC,46.45,6.04,0,0,0,0,0,0,0,0,-6.04,-6.97,-5.92,0,0,33.56
"Apr 17, 2023 3:29:54 p.m. PDT",17797747721,Order,702-5437283-9986657,ZV-PQDC-48RV,"2 Packs Mole Solar Repeller - Mole Sonic Repeller for Garden - Solar Mole Repeller - Deterrent for Moles, Gophers, Voles",1,amazon.ca,Amazon,Laval,Quebec,H7R 5B1,Combined TCS+MTC,46.45,6.96,0,0,0,0,0,0,0,0,-6.96,-6.97,-5.92,0,0,33.56
"Apr 17, 2023 5:47:27 p.m. PDT",17797747721,Order,702-3565817-2066604,ZV-PQDC-48RV,"2 Packs Mole Solar Repeller - Mole Sonic Repeller for Garden - Solar Mole Repeller - Deterrent for Moles, Gophers, Voles",1,amazon.ca,Amazon,Surrey,BC,V3Z9X5,Combined TCS+MTC,45.45,5.45,0,0,0,0,0,0,0,0,-5.45,-6.82,-5.92,0,0,32.71
"Apr 17, 2023 9:08:55 p.m. PDT",17824453201,Order,701-6847408-0192219,ZV-PQDC-48RV,"2 Packs Mole Solar Repeller - Mole Sonic Repeller for Garden - Solar Mole Repeller - Deterrent for Moles, Gophers, Voles",1,amazon.ca,Amazon,Lincoln,Ontario,L3J 1E7,Combined TCS+MTC,46.45,6.04,0,0,0,0,0,0,0,0,-6.04,-6.97,-5.92,0,0,33.56
"Apr 17, 2023 10:33:39 p.m. PDT",17824453201,Order,702-3405293-8653816,ZV-PQDC-48RV,"2 Packs Mole Solar Repeller - Mole Sonic Repeller for Garden - Solar Mole Repeller - Deterrent for Moles, Gophers, Voles",1,amazon.ca,Amazon,Winnipeg,Manitoba,R3Y 0P8,Combined TCS+MTC,46.45,5.57,3.92,0,0,0,0,0,-3.92,0,-5.57,-6.97,-5.92,0,0,33.56
"Apr 18, 2023 12:22:16 a.m. PDT",17824453201,Order,701-1328786-8867410,ZV-PQDC-48RV,"2 Packs Mole Solar Repeller - Mole Sonic Repeller for Garden - Solar Mole Repeller - Deterrent for Moles, Gophers, Voles",1,amazon.ca,Amazon,Laval,QC,H7H 2G9,Combined TCS+MTC,45.45,6.81,0,0,0,0,0,0,0,0,-6.81,-6.82,-5.92,0,0,32.71
"Apr 18, 2023 12:41:29 a.m. PDT",17824453201,Order,702-2457023-9381869,ZV-PQDC-48RV,"2 Packs Mole Solar Repeller - Mole Sonic Repeller for Garden - Solar Mole Repeller - Deterrent for Moles, Gophers, Voles",1,amazon.ca,Amazon,Sudbury,Ontario,P3A4G3,Combined TCS+MTC,45.45,5.91,0,0,0,0,0,0,0,0,-5.91,-6.82,-5.92,0,0,32.71
"Apr 18, 2023 1:31:38 a.m. PDT",17824453201,Order,702-7796319-3721005,ZV-PQDC-48RV,"2 Packs Mole Solar Repeller - Mole Sonic Repeller for Garden - Solar Mole Repeller - Deterrent for Moles, Gophers, Voles",1,amazon.ca,Amazon,Oshawa,Ontario,L1L 0E9,Combined TCS+MTC,46.45,6.04,5.9,0,0,0,0,0,-5.9,0,-6.04,-6.97,-5.92,0,0,33.56
"Apr 18, 2023 1:40:26 a.m. PDT",17824453201,Order,701-2403393-4434620,ZV-PQDC-48RV,"2 Packs Mole Solar Repeller - Mole Sonic Repeller for Garden - Solar Mole Repeller - Deterrent for Moles, Gophers, Voles",1,amazon.ca,Amazon,Brampton,Ontario,L7A 0Z2,Combined TCS+MTC,46.45,6.04,0,0,0,0,0,0,0,0,-6.04,-6.97,-5.92,0,0,33.56
"Apr 18, 2023 3:34:09 a.m. PDT",17824453201,Order,701-8374097-6807464,ZV-PQDC-48RV,"2 Packs Mole Solar Repeller - Mole Sonic Repeller for Garden - Solar Mole Repeller - Deterrent for Moles, Gophers, Voles",1,amazon.ca,Amazon,Edmonton,Alberta,T6W 1B4,Combined TCS+MTC,46.45,2.32,0,0,0,0,0,0,0,0,-2.32,-6.97,-5.92,0,0,33.56
"Apr 18, 2023 3:34:14 a.m. PDT",17824453201,Order,701-7437603-8720231,ZV-PQDC-48RV,"2 Packs Mole Solar Repeller - Mole Sonic Repeller for Garden - Solar Mole Repeller - Deterrent for Moles, Gophers, Voles",1,amazon.ca,Amazon,Calgary,AB,T3P 0Z5,Combined TCS+MTC,46.45,2.32,0,0,0,0,0,0,0,0,-2.32,-6.97,-5.92,0,0,33.56
"Apr 18, 2023 3:34:14 a.m. PDT",17824453201,Order,701-6750318-3449832,ZV-PQDC-48RV,"2 Packs Mole Solar Repeller - Mole Sonic Repeller for Garden - Solar Mole Repeller - Deterrent for Moles, Gophers, Voles",1,amazon.ca,Amazon,Calgary,Alberta,T3A 1S4,Combined TCS+MTC,46.45,2.32,0,0,0,0,0,0,0,0,-2.32,-6.97,-5.92,0,0,33.56
"Apr 18, 2023 3:35:36 a.m. PDT",17824453201,Order,701-8384787-4061012,ZV-PQDC-48RV,"2 Packs Mole Solar Repeller - Mole Sonic Repeller for Garden - Solar Mole Repeller - Deterrent for Moles, Gophers, Voles",1,amazon.ca,Amazon,White City,Saskatchewan,S4L 0A5,Combined TCS+MTC,46.45,5.11,0,0,0,0,0,0,0,0,-5.11,-6.97,-5.92,0,0,33.56
"Apr 18, 2023 3:35:36 a.m. PDT",17824453201,Order,701-0426175-9826615,ZV-PQDC-48RV,"2 Packs Mole Solar Repeller - Mole Sonic Repeller for Garden - Solar Mole Repeller - Deterrent for Moles, Gophers, Voles",1,amazon.ca,Amazon,Elk Point,Alberta,T0A 1A0,Combined TCS+MTC,46.45,2.32,0,0,0,0,0,0,0,0,-2.32,-6.97,-5.92,0,0,33.56
"Apr 18, 2023 5:40:46 a.m. PDT",17824453201,Order,702-7598892-5173860,ZV-PQDC-48RV,"2 Packs Mole Solar Repeller - Mole Sonic Repeller for Garden - Solar Mole Repeller - Deterrent for Moles, Gophers, Voles",1,amazon.ca,Amazon,Powassan,Ontario,P0H 1Z0,Combined TCS+MTC,45.45,5.91,3.26,0,0,0,0,0,-3.26,0,-5.91,-6.82,-5.92,0,0,32.71
"Apr 18, 2023 6:19:09 a.m. PDT",17824453201,Order,702-2798816-0006614,ZV-PQDC-48RV,"2 Packs Mole Solar Repeller - Mole Sonic Repeller for Garden - Solar Mole Repeller - Deterrent for Moles, Gophers, Voles",1,amazon.ca,Amazon,Calgary,Alberta,T3M2W7,Combined TCS+MTC,45.45,2.27,0,0,0,0,0,0,0,0,-2.27,-6.82,-5.92,0,0,32.71
"Apr 18, 2023 6:19:37 a.m. PDT",17824453201,Order,701-2399898-8230640,ZV-PQDC-48RV,"2 Packs Mole Solar Repeller - Mole Sonic Repeller for Garden - Solar Mole Repeller - Deterrent for Moles, Gophers, Voles",2,amazon.ca,Amazon,La Salle,Manitoba,R0G 0A2,Combined TCS+MTC,92.9,11.14,0,0,0,0,0,0,0,0,-11.14,-13.94,-11.84,0,0,67.12
"Apr 18, 2023 9:53:23 a.m. PDT",17824453201,Order,702-2157010-6253066,ZV-PQDC-48RV,"2 Packs Mole Solar Repeller - Mole Sonic Repeller for Garden - Solar Mole Repeller - Deterrent for Moles, Gophers, Voles",1,amazon.ca,Amazon,Corbeil,Ontario,P0H 1K0,Combined TCS+MTC,45.45,5.91,0,0,0,0,0,0,0,0,-5.91,-6.82,-5.92,0,0,32.71
"Apr 18, 2023 10:41:14 a.m. PDT",17824453201,Service Fee,,,Cost of Advertising,,,,,,,,0,0,0,0,0,0,0,0,0,0,0,0,0,-355.43,0,-355.43
"Apr 18, 2023 1:47:49 p.m. PDT",17824453201,Order,701-7291576-1493012,ZV-PQDC-48RV,"2 Packs Mole Solar Repeller - Mole Sonic Repeller for Garden - Solar Mole Repeller - Deterrent for Moles, Gophers, Voles",1,amazon.ca,Amazon,Ste Adele,Quebec,J8B2G1,Combined TCS+MTC,45.45,6.81,0,0,0,0,0,0,0,0,-6.81,-6.82,-5.92,0,0,32.71
"Apr 18, 2023 2:03:44 p.m. PDT",17824453201,Order,701-2689645-5481050,ZV-PQDC-48RV,"2 Packs Mole Solar Repeller - Mole Sonic Repeller for Garden - Solar Mole Repeller - Deterrent for Moles, Gophers, Voles",1,amazon.ca,Amazon,Kitchener,Ontario,N2R 0G8,Combined TCS+MTC,45.45,5.91,0,0,0,0,0,0,0,0,-5.91,-6.82,-5.92,0,0,32.71
"Apr 18, 2023 3:25:38 p.m. PDT",17824453201,Order,701-2808619-6762608,ZV-PQDC-48RV,"2 Packs Mole Solar Repeller - Mole Sonic Repeller for Garden - Solar Mole Repeller - Deterrent for Moles, Gophers, Voles",2,amazon.ca,Amazon,Saint-Colomban,Quebec,J5K 0C1,Combined TCS+MTC,90.9,13.62,8.57,1.28,0,0,0,0,0,0,-14.9,-13.64,-20.41,0,0,65.42
"Apr 18, 2023 3:26:21 p.m. PDT",17824453201,Order,701-9014557-0357866,ZV-PQDC-48RV,"2 Packs Mole Solar Repeller - Mole Sonic Repeller for Garden - Solar Mole Repeller - Deterrent for Moles, Gophers, Voles",1,amazon.ca,Amazon,Saint-Colomban,Quebec,J5K 0C1,Combined TCS+MTC,45.45,6.81,0,0,0,0,0,0,0,0,-6.81,-6.82,-5.92,0,0,32.71
"Apr 18, 2023 5:35:41 p.m. PDT",17824453201,Order,702-0175239-2527429,ZV-PQDC-48RV,"2 Packs Mole Solar Repeller - Mole Sonic Repeller for Garden - Solar Mole Repeller - Deterrent for Moles, Gophers, Voles",2,amazon.ca,Amazon,Ottawa,Ontario,K2A 0L4,Combined TCS+MTC,90.9,11.82,0,0,0,0,0,0,0,0,-11.82,-13.64,-11.84,0,0,65.42
"Apr 18, 2023 6:05:33 p.m. PDT",17824453201,Order,702-8069110-3460240,ZV-PQDC-48RV,"2 Packs Mole Solar Repeller - Mole Sonic Repeller for Garden - Solar Mole Repeller - Deterrent for Moles, Gophers, Voles",1,amazon.ca,Amazon,Chilliwack,British Columbia,V2R 5G1,Combined TCS+MTC,45.45,5.45,0,0,0,0,0,0,0,0,-5.45,-6.82,-5.92,0,0,32.71
"Apr 18, 2023 7:38:37 p.m. PDT",17824453201,Order,702-2205752-7355425,ZV-PQDC-48RV,"2 Packs Mole Solar Repeller - Mole Sonic Repeller for Garden - Solar Mole Repeller - Deterrent for Moles, Gophers, Voles",1,amazon.ca,Amazon,Orono,Ontario,L0B 1M0,Combined TCS+MTC,45.45,5.91,0,0,0,0,0,0,0,0,-5.91,-6.82,-5.92,0,0,32.71
"Apr 18, 2023 9:36:16 p.m. PDT",17824453201,Order,701-7781442-3354651,ZV-PQDC-48RV,"2 Packs Mole Solar Repeller - Mole Sonic Repeller for Garden - Solar Mole Repeller - Deterrent for Moles, Gophers, Voles",1,amazon.ca,Amazon,Sainte-Anne-Des-Plaines,Quebec,J5N 1P5,Combined TCS+MTC,45.45,6.81,0,0,0,0,0,0,0,0,-6.81,-6.82,-5.92,0,0,32.71
"Apr 19, 2023 12:10:58 a.m. PDT",17824453201,Order,702-7299327-1229836,ZV-PQDC-48RV,"2 Packs Mole Solar Repeller - Mole Sonic Repeller for Garden - Solar Mole Repeller - Deterrent for Moles, Gophers, Voles",1,amazon.ca,Amazon,Burlington,Ontario,L7M 4T5,Combined TCS+MTC,45.45,5.91,0,0,0,0,0,0,0,0,-5.91,-6.82,-5.92,0,0,32.71
"Apr 19, 2023 4:11:57 a.m. PDT",17824453201,Order,702-1980114-3444246,ZV-PQDC-48RV,"2 Packs Mole Solar Repeller - Mole Sonic Repeller for Garden - Solar Mole Repeller - Deterrent for Moles, Gophers, Voles",1,amazon.ca,Amazon,Sylvan Lake,Alberta,T4S 1Y5,Combined TCS+MTC,45.45,2.27,0,0,0,0,0,0,0,0,-2.27,-6.82,-5.92,0,0,32.71
"Apr 19, 2023 4:13:52 a.m. PDT",17824453201,Order,702-8130609-5652204,ZV-PQDC-48RV,"2 Packs Mole Solar Repeller - Mole Sonic Repeller for Garden - Solar Mole Repeller - Deterrent for Moles, Gophers, Voles",1,amazon.ca,Amazon,Calgary,Alberta,T2V 3E1,Combined TCS+MTC,45.45,2.27,0,0,0,0,0,0,0,0,-2.27,-6.82,-5.92,0,0,32.71
"Apr 19, 2023 4:15:24 a.m. PDT",17824453201,Order,702-5127549-6933014,ZV-PQDC-48RV,"2 Packs Mole Solar Repeller - Mole Sonic Repeller for Garden - Solar Mole Repeller - Deterrent for Moles, Gophers, Voles",1,amazon.ca,Amazon,West Kelowna,Bc,V1Z1N6,Combined TCS+MTC,45.45,5.45,0,0,0,0,0,0,0,0,-5.45,-6.82,-5.92,0,0,32.71
"Apr 19, 2023 4:15:42 a.m. PDT",17824453201,Order,702-3404741-7339469,ZV-PQDC-48RV,"2 Packs Mole Solar Repeller - Mole Sonic Repeller for Garden - Solar Mole Repeller - Deterrent for Moles, Gophers, Voles",1,amazon.ca,Amazon,Edmonton,Alberta,T6C 2R6,Combined TCS+MTC,45.45,2.27,0,0,0,0,0,0,0,0,-2.27,-6.82,-5.92,0,0,32.71
"Apr 19, 2023 4:15:49 a.m. PDT",17824453201,Order,701-2875978-6993861,ZV-PQDC-48RV,"2 Packs Mole Solar Repeller - Mole Sonic Repeller for Garden - Solar Mole Repeller - Deterrent for Moles, Gophers, Voles",1,amazon.ca,Amazon,Winnipeg,Manitoba,R3X 0S9,Combined TCS+MTC,45.45,5.45,0,0,0,0,0,0,0,0,-5.45,-6.82,-5.92,0,0,32.71
"Apr 19, 2023 7:46:45 a.m. PDT",17824453201,Order,702-1421440-0873817,ZV-PQDC-48RV,"2 Packs Mole Solar Repeller - Mole Sonic Repeller for Garden - Solar Mole Repeller - Deterrent for Moles, Gophers, Voles",1,amazon.ca,Amazon,Calgary,Alberta,T3M 2Y4,Combined TCS+MTC,45.45,2.27,0,0,0,0,0,0,0,0,-2.27,-6.82,-5.92,0,0,32.71
"Apr 19, 2023 10:08:42 a.m. PDT",17824453201,Order,702-9273589-3137002,ZV-PQDC-48RV,"2 Packs Mole Solar Repeller - Mole Sonic Repeller for Garden - Solar Mole Repeller - Deterrent for Moles, Gophers, Voles",1,amazon.ca,Amazon,Saint-Hyacinthe,Quebec,J2S 5S3,Combined TCS+MTC,45.45,6.81,3.92,0,0,0,0,0,-3.92,0,-6.81,-6.82,-5.92,0,0,32.71
"Apr 19, 2023 10:09:28 a.m. PDT",17824453201,Order,702-8991602-8111426,ZV-PQDC-48RV,"2 Packs Mole Solar Repeller - Mole Sonic Repeller for Garden - Solar Mole Repeller - Deterrent for Moles, Gophers, Voles",1,amazon.ca,Amazon,Sainte-Sophie-D'Halifax,Quebec,G0P 1L0,Combined TCS+MTC,45.45,6.81,7.66,1.15,0,0,0,0,0,0,-7.96,-6.82,-13.58,0,0,32.71
"Apr 19, 2023 10:58:24 a.m. PDT",17824453201,Order,701-4801370-7860200,ZV-PQDC-48RV,"2 Packs Mole Solar Repeller - Mole Sonic Repeller for Garden - Solar Mole Repeller - Deterrent for Moles, Gophers, Voles",1,amazon.ca,Amazon,Thunder Bay,Ontario,P7C 1E4,Combined TCS+MTC,45.45,5.91,0,0,0,0,0,0,0,0,-5.91,-6.82,-5.92,0,0,32.71
"Apr 19, 2023 11:05:54 a.m. PDT",17824453201,Order,701-2030412-9941851,ZV-PQDC-48RV,"2 Packs Mole Solar Repeller - Mole Sonic Repeller for Garden - Solar Mole Repeller - Deterrent for Moles, Gophers, Voles",1,amazon.ca,Amazon,North Bay,Ontario,P1B 6A1,Combined TCS+MTC,45.45,5.91,7.66,1,0,0,0,0,0,0,-6.91,-6.82,-13.58,0,0,32.71
"Apr 19, 2023 3:25:33 p.m. PDT",17824453201,Order,701-6262105-9577057,ZV-PQDC-48RV,"2 Packs Mole Solar Repeller - Mole Sonic Repeller for Garden - Solar Mole Repeller - Deterrent for Moles, Gophers, Voles",2,amazon.ca,Amazon,Thunder Bay,Ontario,P7B 7B7,Combined TCS+MTC,90.9,11.82,0,0,0,0,0,0,0,0,-11.82,-13.64,-11.84,0,0,65.42
"Apr 19, 2023 8:27:52 p.m. PDT",17824453201,Transfer,,,To account ending with: 097,,,,,,,,0,0,0,0,0,0,0,0,0,0,0,0,0,0,-645.33,-645.33
"Apr 19, 2023 9:16:22 p.m. PDT",17824453201,Order,702-9997025-1162647,ZV-PQDC-48RV,"2 Packs Mole Solar Repeller - Mole Sonic Repeller for Garden - Solar Mole Repeller - Deterrent for Moles, Gophers, Voles",1,amazon.ca,Amazon,Grimsby,On,L3M2J4,Combined TCS+MTC,45.45,5.91,2.94,0,0,0,0,0,-2.94,0,-5.91,-6.82,-5.92,0,0,32.71
"Apr 19, 2023 11:06:09 p.m. PDT",17824453201,Refund,701-7781442-3354651,ZV-PQDC-48RV,"2 Packs Mole Solar Repeller - Mole Sonic Repeller for Garden - Solar Mole Repeller - Deterrent for Moles, Gophers, Voles",1,amazon.ca,Amazon,Sainte-Anne-Des-Plaines,Quebec,J5N 1P5,Combined TCS+MTC,-45.45,-6.81,0,0,0,0,0,0,0,0,6.81,5.46,0,0,0,-39.99
"Apr 20, 2023 10:25:32 a.m. PDT",17824453201,Order,702-2306248-1114668,ZV-PQDC-48RV,"2 Packs Mole Solar Repeller - Mole Sonic Repeller for Garden - Solar Mole Repeller - Deterrent for Moles, Gophers, Voles",1,amazon.ca,Amazon,Williams Lake,British Columbia,V2G 3S9,Combined TCS+MTC,46.45,5.57,0,0,0,0,0,0,0,0,-5.57,-6.97,-5.92,0,0,33.56
"Apr 20, 2023 12:17:57 p.m. PDT",17824453201,Order,702-3171648-8111442,ZV-PQDC-48RV,"2 Packs Mole Solar Repeller - Mole Sonic Repeller for Garden - Solar Mole Repeller - Deterrent for Moles, Gophers, Voles",2,amazon.ca,Amazon,Noelville,Ontario,P0M 2N0,Combined TCS+MTC,90.9,11.82,0,0,0,0,0,0,0,0,-11.82,-13.64,-11.84,0,0,65.42
"Apr 20, 2023 2:55:35 p.m. PDT",17824453201,Order,702-9426755-2581863,ZV-PQDC-48RV,"2 Packs Mole Solar Repeller - Mole Sonic Repeller for Garden - Solar Mole Repeller - Deterrent for Moles, Gophers, Voles",2,amazon.ca,Amazon,Calgary,Alberta,T3G 4N9,Combined TCS+MTC,90.9,4.54,0,0,0,0,0,0,0,0,-4.54,-13.64,-11.84,0,0,65.42
"Apr 21, 2023 12:59:58 a.m. PDT",17883427071,Order,701-3187479-9300201,ZV-PQDC-48RV,"2 Packs Mole Solar Repeller - Mole Sonic Repeller for Garden - Solar Mole Repeller - Deterrent for Moles, Gophers, Voles",1,amazon.ca,Amazon,Sudbury,Ontario,P3E 5R9,Combined TCS+MTC,45.45,5.91,0,0,0,0,0,0,0,0,-5.91,-6.82,-5.92,0,0,32.71
"Apr 22, 2023 1:44:45 a.m. PDT",17883427071,Refund,702-5161297-2356222,ZV-PQDC-48RV,"2 Packs Mole Solar Repeller - Mole Sonic Repeller for Garden - Solar Mole Repeller - Deterrent for Moles, Gophers, Voles",2,amazon.ca,Amazon,Surrey,British Columbia,V3S 1S5,Combined TCS+MTC,-90.9,-10.9,0,0,0,0,0,0,0,0,10.9,10.91,0,0,0,-79.99
"Apr 24, 2023 8:26:33 p.m. PDT",17904470821,Transfer,,,To account ending with: 097,,,,,,,,0,0,0,0,0,0,0,0,0,0,0,0,0,0,-965.59,-965.59
"Apr 25, 2023 7:17:41 p.m. PDT",17904470821,Transfer,,,To account ending with: 097,,,,,,,,0,0,0,0,0,0,0,0,0,0,0,0,0,0,"-1,894.05","-1,894.05"
"Apr 27, 2023 3:51:05 a.m. PDT",17921801541,Order,S01-4900564-7969226,ZV-PQDC-48RV,"2 Packs Mole Solar Repeller – Mole Sonic Repeller for Garden – Solar Mole Repeller – Deterrent for Moles, Gophers, Voles",1,siprod.stores.amazon.ca,Amazon,Fort Langley,BC,V1M2R7,,0,0,0,0,0,0,0,0,0,0,0,0,-3.89,0,0,-3.89
"Apr 27, 2023 3:51:05 a.m. PDT",17921801541,Order,S01-4900564-7969226,,FBA transportation fee,,siprod.stores.amazon.ca,Amazon,Fort Langley,BC,V1M2R7,,0,0,0,0,0,0,0,0,0,0,0,0,0,0,-5.28,-5.28
"Apr 27, 2023 9:32:35 a.m. PDT",17921801541,Order,S01-3648987-1073269,ZV-PQDC-48RV,"2 Packs Mole Solar Repeller – Mole Sonic Repeller for Garden – Solar Mole Repeller – Deterrent for Moles, Gophers, Voles",1,siprod.stores.amazon.ca,Amazon,Port Dover,ON,N0A 1N3,,0,0,0,0,0,0,0,0,0,0,0,0,-3.64,0,0,-3.64
"Apr 27, 2023 9:32:35 a.m. PDT",17921801541,Order,S01-3648987-1073269,,FBA transportation fee,,siprod.stores.amazon.ca,Amazon,Port Dover,ON,N0A 1N3,,0,0,0,0,0,0,0,0,0,0,0,0,0,0,-4.93,-4.93
"Apr 27, 2023 1:44:18 p.m. PDT",17921801541,Order,S01-6823725-8530807,ZV-PQDC-48RV,"2 Packs Mole Solar Repeller – Mole Sonic Repeller for Garden – Solar Mole Repeller – Deterrent for Moles, Gophers, Voles",1,siprod.stores.amazon.ca,Amazon,Cambridge,ON,N1R 6M4,,0,0,0,0,0,0,0,0,0,0,0,0,-3.64,0,0,-3.64
"Apr 27, 2023 1:44:18 p.m. PDT",17921801541,Order,S01-6823725-8530807,,FBA transportation fee,,siprod.stores.amazon.ca,Amazon,Cambridge,ON,N1R 6M4,,0,0,0,0,0,0,0,0,0,0,0,0,0,0,-4.93,-4.93
"Apr 27, 2023 8:22:16 p.m. PDT",17934436631,Transfer,,,To account ending with: 097,,,,,,,,0,0,0,0,0,0,0,0,0,0,0,0,0,0,"-2,024.50","-2,024.50"
"Apr 28, 2023 8:06:43 a.m. PDT",17934436631,Order,S01-9753948-7920428,ZV-PQDC-48RV,"2 Packs Mole Solar Repeller – Mole Sonic Repeller for Garden – Solar Mole Repeller – Deterrent for Moles, Gophers, Voles",1,siprod.stores.amazon.ca,Amazon,Calgary,AB,T3H 0G5,,0,0,0,0,0,0,0,0,0,0,0,0,-3.64,0,0,-3.64
"Apr 28, 2023 8:06:43 a.m. PDT",17934436631,Order,S01-9753948-7920428,ZV-PQDC-48RV,"2 Packs Mole Solar Repeller – Mole Sonic Repeller for Garden – Solar Mole Repeller – Deterrent for Moles, Gophers, Voles",1,siprod.stores.amazon.ca,Amazon,Calgary,AB,T3H 0G5,,0,0,0,0,0,0,0,0,0,0,0,0,-3.64,0,0,-3.64
"Apr 28, 2023 8:06:43 a.m. PDT",17934436631,Order,S01-9753948-7920428,,FBA transportation fee,,siprod.stores.amazon.ca,Amazon,Calgary,AB,T3H 0G5,,0,0,0,0,0,0,0,0,0,0,0,0,0,0,-5.92,-5.92
"Apr 28, 2023 9:49:28 a.m. PDT",17934436631,Order,S01-0030254-3583613,ZV-PQDC-48RV,"2 Packs Mole Solar Repeller – Mole Sonic Repeller for Garden – Solar Mole Repeller – Deterrent for Moles, Gophers, Voles",1,siprod.stores.amazon.ca,Amazon,Marshall,SK,S0M 1R0,,0,0,0,0,0,0,0,0,0,0,0,0,-3.64,0,0,-3.64
"Apr 28, 2023 9:49:28 a.m. PDT",17934436631,Order,S01-0030254-3583613,,FBA transportation fee,,siprod.stores.amazon.ca,Amazon,Marshall,SK,S0M 1R0,,0,0,0,0,0,0,0,0,0,0,0,0,0,0,-4.93,-4.93
"Apr 28, 2023 10:52:49 a.m. PDT",17934436631,Order,S01-6817287-4697228,ZV-PQDC-48RV,"2 Packs Mole Solar Repeller – Mole Sonic Repeller for Garden – Solar Mole Repeller – Deterrent for Moles, Gophers, Voles",1,siprod.stores.amazon.ca,Amazon,Calgary,AB,T3K 5R7,,0,0,0,0,0,0,0,0,0,0,0,0,-3.64,0,0,-3.64
"Apr 28, 2023 10:52:49 a.m. PDT",17934436631,Order,S01-6817287-4697228,ZV-PQDC-48RV,"2 Packs Mole Solar Repeller – Mole Sonic Repeller for Garden – Solar Mole Repeller – Deterrent for Moles, Gophers, Voles",1,siprod.stores.amazon.ca,Amazon,Calgary,AB,T3K 5R7,,0,0,0,0,0,0,0,0,0,0,0,0,-3.64,0,0,-3.64
"Apr 28, 2023 10:52:49 a.m. PDT",17934436631,Order,S01-6817287-4697228,,FBA transportation fee,,siprod.stores.amazon.ca,Amazon,Calgary,AB,T3K 5R7,,0,0,0,0,0,0,0,0,0,0,0,0,0,0,-5.92,-5.92
"Apr 28, 2023 12:56:03 p.m. PDT",17934436631,Refund,701-9304254-2240232,ZV-PQDC-48RV,"2 Packs Mole Solar Repeller - Mole Sonic Repeller for Garden - Solar Mole Repeller - Deterrent for Moles, Gophers, Voles",1,amazon.ca,Amazon,Renfrew,Ontario,K7V 0C4,Combined TCS+MTC,-45.45,-5.91,0,0,0,0,0,0,0,0,5.91,5.46,0,0,0,-39.99
"Apr 30, 2023 3:32:59 p.m. PDT",17934436631,Refund,702-1576228-0627407,ZV-PQDC-48RV,"2 Packs Mole Solar Repeller - Mole Sonic Repeller for Garden - Solar Mole Repeller - Deterrent for Moles, Gophers, Voles",1,amazon.ca,Amazon,spruce grove,Alberta,T7X 4R5,Combined TCS+MTC,-45.45,-2.27,0,0,0,0,0,0,0,0,2.27,5.46,0,0,0,-39.99
